user_id,total_spend,avg_spend,transaction_count,late_night_ratio,avg_gap,monthly_income,monthly_spend,spending_income_ratio,cluster,user_type
1,218937.78,408.46600746268655,536,0.291044776119403,8.049782338308457,65707.68,36489.63,0.5553328012798504,3,Late-Night Spender
2,170143.14,554.2121824104235,307,0.31596091205211724,13.997828447339847,56136.25,28357.190000000002,0.5051493464561669,2,Balanced Spender
3,152129.09,373.7815479115479,407,0.10810810810810811,10.51949221949222,47807.64,25354.84833333333,0.5303513901404322,2,Balanced Spender
4,625885.08,1778.0826136363635,352,0.1846590909090909,12.269176136363637,203792.13,104314.18,0.5118655955948839,1,High-Value Spender
5,166517.09,272.532062193126,611,0.25368248772504093,7.066557555919259,38873.96,27752.84833333333,0.7139187346319575,0,Frequent Spender
6,137555.99,296.45687499999997,464,0.07543103448275862,9.255747126436782,40258.87,22925.998333333333,0.569464526285346,0,Frequent Spender
7,195715.55,396.18532388663965,494,0.23076923076923078,8.727834008097167,116097.04,32619.25833333333,0.28096546073296386,2,Balanced Spender
8,98395.51,286.0334593023256,344,0.15406976744186046,12.49752906976744,24126.7,16399.251666666667,0.6797138301826054,2,Balanced Spender
9,219357.63,339.0380680061824,647,0.19783616692426584,6.6469345698093765,59263.81,36559.605,0.6168959606208242,0,Frequent Spender
10,113188.15,416.1329044117647,272,0.40808823529411764,15.834436274509802,55282.79,18864.691666666666,0.3412398626528557,2,Balanced Spender
11,120484.74,308.1451150895141,391,0.16624040920716113,11.017561807331628,35520.46,20080.79,0.5653302350251095,2,Balanced Spender
12,174991.64,304.8634843205575,574,0.15156794425087108,7.505865272938444,41017.55,29165.273333333334,0.711043768663251,0,Frequent Spender
13,156520.6,289.852962962963,540,0.1537037037037037,7.970987654320987,45309.47,26086.766666666666,0.5757464535927405,0,Frequent Spender
14,100979.82,187.3466048237477,539,0.027829313543599257,7.983364254792825,34936.08,16829.97,0.48173607342323466,0,Frequent Spender
15,307111.2,808.1873684210526,380,0.25,11.336359649122807,82256.18,51185.200000000004,0.6222657069657259,1,High-Value Spender
16,131589.89,196.99085329341318,668,0.3652694610778443,6.46432135728543,42154.61,21931.648333333334,0.5202669016113145,3,Late-Night Spender
17,165018.89,336.0873523421589,491,0.2219959266802444,8.778920570264765,37272.51,27503.148333333334,0.7378936469084946,0,Frequent Spender
18,199134.08,624.2447648902821,319,0.3949843260188088,13.48861024033438,89626.0,33189.01333333333,0.37030564047634984,2,Balanced Spender
19,264300.67,858.1190584415584,308,0.41233766233766234,13.967911255411256,68007.78,44050.111666666664,0.6477216528265834,1,High-Value Spender
20,328099.65,1079.2751644736843,304,0.03618421052631579,14.167763157894736,98136.28,54683.275,0.5572177282448448,1,High-Value Spender
21,370571.86,795.2185836909871,466,0.19742489270386265,9.200250357653792,110411.99,61761.97666666666,0.5593774432166893,1,High-Value Spender
22,54859.87,155.8519034090909,352,0.09943181818181818,12.213257575757575,20000.0,9143.311666666666,0.45716558333333335,2,Balanced Spender
23,148849.53,299.4960362173038,497,0.24949698189134809,8.670523138832998,51539.99,24808.255,0.4813399265308356,3,Late-Night Spender
24,182895.27,533.222361516035,343,0.16034985422740525,12.509766763848395,50935.5,30482.545,0.598453828861992,1,High-Value Spender
25,114153.89,275.7340338164251,414,0.4178743961352657,10.4006038647343,34257.01,19025.648333333334,0.5553797115782532,3,Late-Night Spender
26,110448.78,152.3431448275862,725,0.07586206896551724,5.950758620689656,54072.34,18408.13,0.3404352391629436,0,Frequent Spender
27,88219.21,191.36488069414318,461,0.2039045553145336,9.321438900939986,30342.87,14703.201666666668,0.4845685878318916,2,Balanced Spender
28,142489.37,272.44621414913956,523,0.019120458891013385,8.233843212237094,42133.79,23748.228333333333,0.5636385507530496,0,Frequent Spender
29,125502.93000000001,250.50485029940123,501,0.249500998003992,8.591084497671323,32262.8,20917.155000000002,0.6483366291828361,0,Frequent Spender
30,298069.74,563.458865784499,529,0.2060491493383743,8.140390674228103,63364.01,49678.29,0.7840143008625874,0,Frequent Spender
31,144276.78,297.4778969072165,485,0.3979381443298969,8.876769759450172,33330.07,24046.13,0.721454530398526,3,Late-Night Spender
32,226107.66,493.68484716157207,458,0.2205240174672489,9.396251819505094,82045.47,37684.61,0.459313719575255,2,Balanced Spender
33,177793.92,450.11118987341774,395,0.4962025316455696,10.824177215189874,64050.2,29632.320000000003,0.4626421150909756,3,Late-Night Spender
34,387102.75,563.4683406113537,687,0.22125181950509462,6.27612809315866,109470.59,64517.125,0.5893557803972739,0,Frequent Spender
35,70363.98,161.3852752293578,436,0.06422018348623854,9.875840978593272,20000.0,11727.33,0.5863665,0,Frequent Spender
36,161139.99,257.41212460063895,626,0.023961661341853034,6.874014909478168,43464.2,26856.664999999997,0.6179031248705831,0,Frequent Spender
37,237916.13,314.2881505944518,757,0.02906208718626156,5.685468956406869,81467.33,39652.68833333333,0.486731163686515,0,Frequent Spender
38,86055.2,142.0052805280528,606,0.2706270627062706,7.120489548954895,32735.68,14342.533333333333,0.43813152295395524,0,Frequent Spender
39,66131.06,188.9458857142857,350,0.21428571428571427,12.330619047619047,29170.88,11021.843333333332,0.37783719014761746,2,Balanced Spender
40,119816.62,259.3433333333333,462,0.16017316017316016,9.316341991341991,43161.02,19969.436666666665,0.46267295505682365,2,Balanced Spender
41,646160.54,1432.7284700665189,451,0.15077605321507762,9.51869918699187,202933.12,107693.42333333334,0.5306843128087388,1,High-Value Spender
42,137189.81,320.5369392523364,428,0.26635514018691586,10.08411214953271,46627.87,22864.968333333334,0.49037128080981035,3,Late-Night Spender
43,402814.2,810.4913480885313,497,0.3843058350100604,8.677498323272971,103824.55,67135.7,0.6466264481762742,3,Late-Night Spender
44,157373.8,306.1747081712062,514,0.377431906614786,8.35885214007782,50117.91,26228.966666666664,0.5233451807281402,3,Late-Night Spender
45,85509.75,212.71082089552237,402,0.12189054726368159,10.720149253731343,25401.62,14251.625,0.5610518148055125,2,Balanced Spender
46,116234.91,352.22700000000003,330,0.051515151515151514,13.044444444444446,61052.28,19372.485,0.3173097712321309,2,Balanced Spender
47,147524.82,257.9105244755245,572,0.14160839160839161,7.539918414918414,45172.63,24587.47,0.5443001658305041,0,Frequent Spender
48,219060.08,375.10287671232874,584,0.14383561643835616,7.394948630136986,54786.73,36510.01333333333,0.6664024907734651,0,Frequent Spender
49,113034.69,379.3110402684564,298,0.2953020134228188,14.435346756152127,44151.28,18839.115,0.4266946507553122,2,Balanced Spender
50,83370.08,162.51477582846005,513,0.3216374269005848,8.335542560103963,25268.35,13895.013333333334,0.5498979289638356,3,Late-Night Spender
51,108069.21,199.02248618784532,543,0.3848987108655617,7.926887661141805,40297.69,18011.535,0.44696197226193357,3,Late-Night Spender
52,92188.0,160.8865619546248,573,0.19197207678883071,7.53150087260035,35945.21,15364.666666666666,0.42744684664985033,0,Frequent Spender
53,141688.48,244.7124006908463,579,0.22279792746113988,7.418624064478987,35731.24,23614.74666666667,0.6608991646152407,0,Frequent Spender
54,105888.67,236.35863839285713,448,0.07366071428571429,9.600446428571429,36862.16,17648.111666666668,0.478759564460321,2,Balanced Spender
55,206446.19,889.8542672413794,232,0.15086206896551724,18.508836206896554,56985.51,34407.698333333334,0.6037973220443816,1,High-Value Spender
56,283111.85,521.3846224677716,543,0.11970534069981584,7.940423572744014,77400.15,47185.30833333333,0.6096281251823585,0,Frequent Spender
57,87482.45,181.8761954261954,481,0.06860706860706861,8.959771309771309,37114.89,14580.408333333333,0.39284525249390023,2,Balanced Spender
58,208088.87,835.6982730923695,249,0.1606425702811245,17.27925033467202,71884.37,34681.47833333333,0.4824620196759509,1,High-Value Spender
59,297882.77,526.2946466431096,566,0.037102473498233215,7.584452296819788,74149.68,49647.128333333334,0.6695528333140931,0,Frequent Spender
60,128577.1,291.55804988662135,441,0.05668934240362812,9.762660619803476,27487.11,21429.516666666666,0.7796205809438194,0,Frequent Spender
61,95911.53,169.15613756613757,567,0.20458553791887124,7.59482657260435,32615.45,15985.255,0.49011296793390857,0,Frequent Spender
62,45998.41,135.68852507374632,339,0.10619469026548672,12.695083579154375,20000.0,7666.401666666668,0.3833200833333334,2,Balanced Spender
63,200994.18,346.5416896551724,580,0.19310344827586207,7.417959770114943,67462.19,33499.03,0.4965600731313347,0,Frequent Spender
64,83830.86,167.66172,500,0.26,8.609566666666666,38611.2,13971.81,0.361858994281452,3,Late-Night Spender
65,178467.78,370.26510373443983,482,0.14315352697095435,8.922614107883817,56388.79,29744.63,0.5274919004291456,0,Frequent Spender
66,282594.11,715.4281265822784,395,0.0759493670886076,10.907130801687764,59042.63,47099.01833333333,0.7977120655589586,1,High-Value Spender
67,68202.71,187.37008241758244,364,0.19505494505494506,11.844093406593407,30789.08,11367.118333333334,0.36919317931335827,2,Balanced Spender
68,239248.58,421.21228873239437,568,0.1795774647887324,7.577552816901409,88759.1,39874.76333333333,0.44924704434061774,0,Frequent Spender
69,359888.4,899.721,400,0.4075,10.758958333333332,74983.99,59981.4,0.7999227568444943,1,High-Value Spender
70,118930.43,438.85767527675273,271,0.1070110701107011,15.879827798277983,41402.74,19821.73833333333,0.4787542644118078,2,Balanced Spender
71,128589.97,399.34773291925467,322,0.30745341614906835,13.314544513457555,50043.12,21431.661666666667,0.4282638985472262,2,Balanced Spender
72,266101.97,555.5364718162839,479,0.4091858037578288,9.007967988865692,46529.3,44350.32833333333,0.953169902262302,3,Late-Night Spender
73,172620.87,411.98298329355606,419,0.2553699284009546,10.265433571996816,65739.31,28770.145,0.4376398991714395,2,Balanced Spender
74,144985.48,254.80752196836556,569,0.28295254833040423,7.567721148213239,49087.12,24164.24666666667,0.49227265047667634,3,Late-Night Spender
75,162977.29,393.6649516908213,414,0.24879227053140096,10.403945249597424,68284.03,27162.881666666668,0.3977925975761341,2,Balanced Spender
76,152395.8,371.6970731707317,410,0.12439024390243902,10.505121951219513,44234.6,25399.3,0.5741953131711375,2,Balanced Spender
77,90991.81,160.47938271604937,567,0.20458553791887124,7.611081716637273,31874.45,15165.301666666666,0.47578237951295366,0,Frequent Spender
78,245774.34,434.9988318584071,565,0.22654867256637168,7.631976401179941,67867.23,40962.39,0.6035665519279334,0,Frequent Spender
79,291036.56,548.0914500941619,531,0.3578154425612053,8.129723791588198,88549.41,48506.09333333333,0.547785618597948,3,Late-Night Spender
80,49336.38,115.54187353629976,427,0.3185011709601874,10.092193598750976,20000.0,8222.73,0.41113649999999996,3,Late-Night Spender
81,203399.46,467.58496551724136,435,0.1425287356321839,9.870114942528735,81680.9,33899.909999999996,0.41502860521860063,2,Balanced Spender
82,108129.45,162.84555722891565,664,0.2936746987951807,6.496561244979919,51829.46,18021.575,0.34770910212068584,0,Frequent Spender
83,36067.83,117.10334415584416,308,0.22077922077922077,13.983658008658008,20000.0,6011.305,0.30056525,2,Balanced Spender
84,102226.74,216.58207627118645,472,0.08050847457627118,9.121963276836158,40176.84,17037.79,0.42406993680936583,2,Balanced Spender
85,159418.49,369.8804872389791,431,0.027842227378190254,9.98739365815932,39393.14,26569.748333333333,0.6744765289929499,0,Frequent Spender
86,75831.57,255.32515151515153,297,0.10437710437710437,14.46492704826038,35475.9,12638.595000000001,0.35625861500342487,2,Balanced Spender
87,188673.54,384.2638289205703,491,0.3075356415478615,8.767718940936863,66204.51,31445.59,0.4749765537121263,3,Late-Night Spender
88,230192.38,360.2384663536776,639,0.10485133020344288,6.719926969222743,77642.22,38365.39666666667,0.49413059887605826,0,Frequent Spender
89,178914.02,260.0494476744186,688,0.2005813953488372,6.272625968992248,53201.31,29819.00333333333,0.5604937798210858,0,Frequent Spender
90,246727.41,514.0154375,480,0.16875,8.972881944444445,62219.69,41121.235,0.6609038874992788,0,Frequent Spender
91,135618.76,319.85556603773585,424,0.04245283018867924,10.138011006289307,40406.57,22603.126666666667,0.5593923628426434,2,Balanced Spender
92,132059.16,252.02129770992366,524,0.04389312977099236,8.219624681933842,39814.8,22009.86,0.5528059917417644,0,Frequent Spender
93,138710.57,266.75109615384616,520,0.34615384615384615,8.25772435897436,40194.06,23118.428333333333,0.5751702697695464,3,Late-Night Spender
94,280593.75,519.6180555555555,540,0.1685185185185185,7.9766975308641985,61430.7,46765.625,0.7612744930466363,0,Frequent Spender
95,168148.55,287.43341880341876,585,0.17777777777777778,7.357863247863248,49326.55,28024.75833333333,0.5681475459632456,0,Frequent Spender
96,307287.4,584.1965779467681,526,0.13878326996197718,8.192205323193917,104336.21,51214.56666666667,0.49086090693409956,0,Frequent Spender
97,71781.3,137.2491395793499,523,0.16634799235181644,8.230528999362651,28241.84,11963.550000000001,0.42361085538336035,0,Frequent Spender
98,361125.14,604.8997319932998,597,0.1507537688442211,7.221663874930206,103005.31,60187.52333333334,0.5843147633198069,0,Frequent Spender
99,106583.39,249.0266121495327,428,0.14485981308411214,10.054088785046728,55056.25,17763.898333333334,0.3226499867559693,2,Balanced Spender
100,162910.44,305.07573033707865,534,0.12734082397003746,8.06607365792759,38047.49,27151.74,0.7136276269472704,0,Frequent Spender
101,209612.67,394.00877819548873,532,0.2199248120300752,8.11109022556391,85078.99,34935.445,0.4106236451561073,0,Frequent Spender
102,80112.98,196.83778869778868,407,0.1769041769041769,10.567117117117117,20000.0,13352.163333333332,0.6676081666666666,2,Balanced Spender
103,153467.12,308.78696177062375,497,0.3501006036217304,8.667102615694166,60874.57,25577.853333333333,0.4201730432483274,3,Late-Night Spender
104,146226.06,255.63996503496503,572,0.07342657342657342,7.516462703962705,57652.13,24371.01,0.4227252314875443,0,Frequent Spender
105,69907.97,159.60723744292238,438,0.4497716894977169,9.82952815829528,20000.0,11651.328333333333,0.5825664166666666,3,Late-Night Spender
106,115191.13,285.1265594059406,404,0.14108910891089108,10.678011551155116,42158.42,19198.521666666667,0.4553899711295316,2,Balanced Spender
107,246726.04,378.4141717791411,652,0.18251533742331288,6.582924335378323,51662.74,41121.00666666667,0.7959509438846385,0,Frequent Spender
108,165529.84,232.48573033707865,712,0.17837078651685392,6.066081460674158,45158.45,27588.306666666667,0.6109223559857938,0,Frequent Spender
109,170946.68,432.7764050632911,395,0.060759493670886074,10.85873417721519,46806.86,28491.11333333333,0.608695249656425,2,Balanced Spender
110,131381.72,292.6096213808463,449,0.0378619153674833,9.564402375649593,42007.95,21896.953333333335,0.5212573651733383,2,Balanced Spender
111,97575.99,209.84083870967743,465,0.6795698924731183,9.282831541218638,40516.02,16262.665,0.4013885124945639,3,Late-Night Spender
112,369820.23,785.1809554140127,471,0.46496815286624205,9.138782731776363,88107.72,61636.704999999994,0.6995607762861188,3,Late-Night Spender
113,86663.67,205.85194774346792,421,0.023752969121140142,10.210490894695171,39983.18,14443.945,0.3612505308482217,2,Balanced Spender
114,103044.51,201.25880859375,512,0.07421875,8.386100260416667,29114.45,17174.085,0.5898818284391427,0,Frequent Spender
115,111716.43,287.188766066838,389,0.11053984575835475,11.072579263067695,46381.25,18619.405,0.40144250101064544,2,Balanced Spender
116,175116.61,296.807813559322,590,0.3305084745762712,7.294830508474576,55731.52,29186.101666666666,0.5236911117203813,3,Late-Night Spender
117,87497.16,156.80494623655915,558,0.14516129032258066,7.7222520908004775,30080.89,14582.86,0.4847881827964532,0,Frequent Spender
118,228419.74,482.9169978858351,473,0.046511627906976744,9.106377730796336,59457.23,38069.956666666665,0.6402914610496766,0,Frequent Spender
119,136284.15,223.05098199672668,611,0.14402618657937807,7.065220949263503,83631.99,22714.024999999998,0.27159493633955134,0,Frequent Spender
120,124289.24,170.72697802197803,728,0.06456043956043957,5.92900641025641,78885.49,20714.873333333333,0.2625942151507626,0,Frequent Spender
121,220399.51,319.8831785195936,689,0.32220609579100146,6.263691340106434,70096.1,36733.25166666667,0.5240413042475497,0,Frequent Spender
122,124104.96,183.04566371681418,678,0.1902654867256637,6.366175024582104,40887.7,20684.16,0.5058773176285289,0,Frequent Spender
123,104488.97,259.277841191067,403,0.456575682382134,10.666832092638545,34738.22,17414.828333333335,0.5013160816338124,3,Late-Night Spender
124,174331.48,345.8957936507937,504,0.23412698412698413,8.520436507936509,39028.86,29055.24666666667,0.7444554277697752,0,Frequent Spender
125,192805.72,355.0749907918969,543,0.16390423572744015,7.948956414978514,60835.24,32134.286666666667,0.5282182936512894,0,Frequent Spender
126,106315.56,426.9701204819277,249,0.028112449799196786,17.302074966532796,42472.07,17719.26,0.41719793737390237,2,Balanced Spender
127,112435.57,339.684501510574,331,0.1268882175226586,12.993001007049346,43251.51,18739.26166666667,0.4332625997720465,2,Balanced Spender
128,283530.72,474.9258291457286,597,0.08710217755443886,7.219514237855947,64933.26,47255.119999999995,0.7277490765133307,0,Frequent Spender
129,444785.42,873.8416895874263,509,0.48330058939096265,8.481990831696136,136712.99,74130.90333333334,0.542237451856867,3,Late-Night Spender
130,189411.85,450.98059523809525,420,0.19285714285714287,10.231666666666667,64755.26,31568.641666666666,0.4875069865624301,2,Balanced Spender
131,104814.43,169.60263754045306,618,0.3220064724919094,6.967125134843582,39253.75,17469.071666666667,0.4450293708669023,3,Late-Night Spender
132,176938.66,395.8359284116331,447,0.19463087248322147,9.645302013422818,70664.48,29489.77666666667,0.4173210737086959,2,Balanced Spender
133,83212.67,207.5128927680798,401,0.11221945137157108,10.74725685785536,29822.22,13868.778333333334,0.4650484884536877,2,Balanced Spender
134,240073.26,434.91532608695655,552,0.1322463768115942,7.79873188405797,76950.02,40012.21,0.5199766029950349,0,Frequent Spender
135,61311.93,163.93564171122995,374,0.0374331550802139,11.489973262032086,27275.12,10218.655,0.37465114727267934,2,Balanced Spender
136,182708.61000000002,381.43759916492695,479,0.302713987473904,8.98455114822547,60095.29,30451.435,0.5067191621839249,3,Late-Night Spender
137,75226.02,144.38775431861805,521,0.028790786948176585,8.258093410108764,25567.32,12537.67,0.4903787334769542,0,Frequent Spender
138,548299.66,921.5120336134454,595,0.43025210084033616,7.244033613445378,171548.3,91383.27666666667,0.5326970693773513,3,Late-Night Spender
139,337065.42,685.0923170731706,492,0.13211382113821138,8.746172086720868,126756.72,56177.57,0.4431920453605931,0,Frequent Spender
140,184724.89,615.7496333333333,300,0.12666666666666668,14.314277777777777,61816.2,30787.48166666667,0.49804875852392533,1,High-Value Spender
141,44669.16,173.13627906976745,258,0.2868217054263566,16.658979328165373,20000.0,7444.860000000001,0.37224300000000005,2,Balanced Spender
142,183773.4,255.9518105849582,718,0.022284122562674095,5.994011142061281,52745.49,30628.899999999998,0.5806923018441956,0,Frequent Spender
143,104800.08,217.8795841995842,481,0.17463617463617465,8.924705474705474,41346.04,17466.68,0.4224510980979073,2,Balanced Spender
144,239862.04,807.6162962962964,297,0.13131313131313133,14.478675645342314,82204.72,39977.00666666667,0.4863103562260983,1,High-Value Spender
145,130678.64,369.14870056497176,354,0.1807909604519774,12.166525423728814,33973.44,21779.773333333334,0.6410823670883293,2,Balanced Spender
146,351792.9,605.4955249569708,581,0.23407917383820998,7.4070567986230635,109169.21,58632.15,0.5370758843084052,0,Frequent Spender
147,94009.68,168.77859964093355,557,0.12746858168761221,7.747336923997606,38122.68,15668.279999999999,0.41099628882334605,0,Frequent Spender
148,260141.08,387.11470238095234,672,0.20386904761904762,6.390500992063492,76985.25,43356.846666666665,0.5631838133495268,0,Frequent Spender
149,113815.13,168.36557692307693,676,0.051775147928994084,6.365236686390532,35702.81,18969.188333333335,0.5313079932177142,0,Frequent Spender
150,169962.71,255.96793674698793,664,0.0572289156626506,6.4866967871485945,45157.32,28327.118333333332,0.6272984830218741,0,Frequent Spender
151,125193.6,508.9170731707317,246,0.2804878048780488,17.479336043360433,51089.66,20865.600000000002,0.4084114084924425,2,Balanced Spender
152,101286.61,250.70943069306932,404,0.3886138613861386,10.633539603960395,31734.95,16881.101666666666,0.5319403895914966,3,Late-Night Spender
153,267974.43,669.936075,400,0.1625,10.765541666666666,87563.72,44662.405,0.5100560483268641,2,Balanced Spender
154,261250.34,397.64130898021307,657,0.0228310502283105,6.54728564180619,79141.42,43541.723333333335,0.5501761698657079,0,Frequent Spender
155,185716.17,398.5325536480687,466,0.07510729613733906,9.225929899856938,67872.2,30952.695000000003,0.456043785231656,2,Balanced Spender
156,260585.24,571.4588596491228,456,0.20614035087719298,9.426498538011696,71394.24,43430.87333333333,0.6083246118080861,0,Frequent Spender
157,95779.56,233.60868292682926,410,0.2073170731707317,10.488861788617886,30889.39,15963.26,0.5167878031906749,2,Balanced Spender
158,255831.03,380.7009375,672,0.1875,6.409523809523809,84914.53,42638.505,0.5021343814774691,0,Frequent Spender
159,88021.58,274.2105295950156,321,0.0529595015576324,13.387331256490134,41624.96,14670.263333333334,0.35243909743897256,2,Balanced Spender
160,130147.56,283.5458823529412,459,0.0915032679738562,9.387799564270152,37815.67,21691.26,0.5736050690097517,0,Frequent Spender
161,161147.3,281.2343804537522,573,0.04013961605584642,7.503432228039557,41216.37,26857.88333333333,0.6516314593772652,0,Frequent Spender
162,88539.19,224.14984810126583,395,0.1848101265822785,10.859240506329114,28766.75,14756.531666666668,0.5129718048325469,2,Balanced Spender
163,197029.17,290.1755081001473,679,0.2916053019145803,6.343765341188022,71746.45,32838.195,0.45769783731459884,0,Frequent Spender
164,147621.51,232.1092924528302,636,0.11320754716981132,6.760980083857443,46835.42,24603.585000000003,0.5253200462385094,0,Frequent Spender
165,167899.64,603.9555395683453,278,0.18345323741007194,15.4447242206235,51466.64,27983.273333333334,0.5437167324957164,1,High-Value Spender
166,86496.87,223.50612403100774,387,0.12919896640826872,11.083376399655469,27854.32,14416.144999999999,0.5175550866077505,2,Balanced Spender
167,384646.41,681.9971808510638,564,0.05673758865248227,7.630673758865248,99768.1,64107.73499999999,0.6425674639488974,0,Frequent Spender
168,101115.93,171.96586734693875,588,0.20748299319727892,7.338803854875283,28394.22,16852.655,0.5935241397721085,0,Frequent Spender
169,132749.01,533.1285542168675,249,0.21285140562248997,17.22115127175368,60399.71,22124.835000000003,0.3663069739904381,2,Balanced Spender
170,653891.21,1642.9427386934672,398,0.06030150753768844,10.771649916247906,173080.61,108981.86833333333,0.6296596038882307,1,High-Value Spender
171,116247.21,322.9089166666667,360,0.03611111111111111,11.950925925925926,36448.56,19374.535,0.5315583112199769,2,Balanced Spender
172,145971.67,546.7103745318352,267,0.07865168539325842,16.073845193508113,68160.29,24328.611666666668,0.3569323379737186,2,Balanced Spender
173,263652.51,599.21025,440,0.35,9.760113636363636,94795.32,43942.085,0.4635469873407252,3,Late-Night Spender
174,290398.18,520.4268458781362,558,0.26881720430107525,7.733243727598565,61590.01,48399.69666666666,0.7858368048108234,0,Frequent Spender
175,151499.53,348.2747816091954,435,0.2482758620689655,9.908314176245211,61040.96,25249.921666666665,0.41365538265890095,2,Balanced Spender
176,296336.35,538.7933636363636,550,0.08727272727272728,7.840484848484848,99262.65,49389.39166666666,0.4975626951997218,0,Frequent Spender
177,77693.74,131.90787775891343,589,0.030560271646859084,7.2885681946802485,20000.0,12948.956666666667,0.6474478333333333,0,Frequent Spender
178,410028.9,1070.571540469974,383,0.28720626631853785,11.2088772845953,108050.39,68338.15000000001,0.6324655561169192,1,High-Value Spender
179,86067.35,225.8985564304462,381,0.32808398950131235,11.316229221347331,33925.45,14344.558333333334,0.42282588243732466,2,Balanced Spender
180,101048.38,200.49281746031747,504,0.34325396825396826,8.567757936507936,34049.18,16841.396666666667,0.494619743167579,3,Late-Night Spender
181,174032.87,287.18295379537955,606,0.12211221122112212,7.091886688668867,53661.2,29005.478333333333,0.5405298117323752,0,Frequent Spender
182,350101.86,1111.434476190476,315,0.5238095238095238,13.636031746031744,94999.67,58350.31,0.614215923065838,1,High-Value Spender
183,245851.73,640.2388802083334,384,0.1171875,11.19709201388889,72740.45,40975.28833333334,0.5633081501878713,1,High-Value Spender
184,153571.88,217.52390934844195,706,0.28328611898017,6.102880075542965,46936.97,25595.313333333335,0.5453124335323165,0,Frequent Spender
185,228687.91,573.152656641604,399,0.06516290726817042,10.764035087719297,85142.29,38114.651666666665,0.44765828669473967,2,Balanced Spender
186,60702.91,95.59513385826772,635,0.014173228346456693,6.773254593175853,28734.57,10117.151666666667,0.35208989265079194,0,Frequent Spender
187,103674.27,200.91912790697674,516,0.2926356589147287,8.347254521963825,45727.92,17279.045000000002,0.3778664107180034,3,Late-Night Spender
188,70267.8,115.00458265139116,611,0.19476268412438624,7.03633387888707,21193.4,11711.300000000001,0.5525918446308756,0,Frequent Spender
189,71433.81,125.54272407732864,569,0.1195079086115993,7.571792618629175,21349.06,11905.635,0.5576655365622655,0,Frequent Spender
190,157284.93,386.44945945945943,407,0.10565110565110565,10.547051597051595,66227.35,26214.155,0.3958206843547265,2,Balanced Spender
191,181496.5,300.4908940397351,604,0.10264900662251655,7.125193156732892,67254.07,30249.416666666668,0.4497782315132254,0,Frequent Spender
192,156742.89,296.8615340909091,528,0.36174242424242425,8.181376262626262,49427.06,26123.815000000002,0.5285326499290066,3,Late-Night Spender
193,90113.4,266.6076923076923,338,0.6568047337278107,12.773323471400394,32570.18,15018.9,0.46112425537715784,3,Late-Night Spender
194,214788.79,472.06327472527477,455,0.44835164835164837,9.46992673992674,104620.83,35798.13166666667,0.34217021282154486,3,Late-Night Spender
195,197823.35,422.6994658119658,468,0.11538461538461539,9.197257834757835,53997.89,32970.558333333334,0.6105897532909774,0,Frequent Spender
196,117633.28,244.55983367983367,481,0.6029106029106029,8.930977130977132,51546.07,19605.546666666665,0.3803499794779052,3,Late-Night Spender
197,89524.87,155.9666724738676,574,0.09233449477351917,7.494599303135888,20000.0,14920.811666666666,0.7460405833333333,0,Frequent Spender
198,279753.4,621.6742222222223,450,0.09777777777777778,9.560074074074073,84247.01,46625.56666666667,0.5534388302524526,0,Frequent Spender
199,156919.66,427.5740054495913,367,0.21798365122615804,11.700363306085375,68074.82,26153.27666666667,0.3841842940850474,2,Balanced Spender
200,168413.13,449.10168,375,0.034666666666666665,11.482355555555555,43876.04,28068.855,0.6397308189162012,2,Balanced Spender
201,67131.62,149.18137777777775,450,0.5177777777777778,9.59511111111111,20000.0,11188.603333333333,0.5594301666666667,3,Late-Night Spender
202,137118.92,282.7194226804124,485,0.22268041237113403,8.869106529209622,33923.82,22853.153333333335,0.6736609654612404,0,Frequent Spender
203,144859.09,196.81941576086956,736,0.14266304347826086,5.845086050724638,47780.86,24143.181666666667,0.5052898099085422,0,Frequent Spender
204,158114.62,348.27008810572687,454,0.3502202643171806,9.502679882525696,68444.73,26352.436666666665,0.38501776055901843,3,Late-Night Spender
205,218434.91,489.7643721973094,446,0.19282511210762332,9.633408071748878,53241.24,36405.818333333336,0.6837898278352146,0,Frequent Spender
206,274039.39,658.7485336538462,416,0.026442307692307692,10.324639423076924,68921.42,45673.23166666667,0.6626855869578234,1,High-Value Spender
207,273760.32,538.8982677165354,508,0.16141732283464566,8.471095800524933,62609.38,45626.72,0.7287521454452991,0,Frequent Spender
208,332449.47,785.9325531914893,423,0.12529550827423167,10.170488573680064,107684.64,55408.244999999995,0.5145417675167043,1,High-Value Spender
209,154961.54,355.416376146789,436,0.02981651376146789,9.838340978593271,48594.92,25826.923333333336,0.531473728804026,2,Balanced Spender
210,123537.29,270.3222975929978,457,0.25601750547045954,9.38231218088986,44705.06,20589.548333333332,0.4605641583600007,3,Late-Night Spender
211,64342.19,134.3260751565762,479,0.4822546972860125,8.983159359777314,20037.88,10723.698333333334,0.5351713022202614,3,Late-Night Spender
212,272136.34,528.420077669903,515,0.07572815533980583,8.352621359223301,75200.15,45356.05666666667,0.6031378483509232,0,Frequent Spender
213,315277.63,603.9801340996169,522,0.06896551724137931,8.246168582375478,110272.79,52546.27166666667,0.4765116731576908,0,Frequent Spender
214,130050.91,490.75815094339623,265,0.07547169811320754,16.216037735849056,50434.36,21675.15166666667,0.42976953939073814,2,Balanced Spender
215,56374.67,132.64628235294117,425,0.12705882352941175,10.156627450980393,22125.09,9395.778333333334,0.4246662198134938,2,Balanced Spender
216,127144.57,165.98507832898173,766,0.06135770234986945,5.604743255004352,67180.13,21190.76166666667,0.3154319836336528,0,Frequent Spender
217,183216.81,534.1597959183673,343,0.3206997084548105,12.589990281827017,77030.33,30536.135,0.3964170346926983,2,Balanced Spender
218,208615.66,469.8550900900901,444,0.15090090090090091,9.68201951951952,60935.84,34769.276666666665,0.5705882887093485,2,Balanced Spender
219,208119.22,392.67777358490565,530,0.3132075471698113,8.145188679245283,55690.85,34686.53666666667,0.622840855664201,3,Late-Night Spender
220,305606.33,631.4180371900827,484,0.3347107438016529,8.90650826446281,79857.17,50934.388333333336,0.6378185995488362,3,Late-Night Spender
221,177367.06,399.47536036036036,444,0.02927927927927928,9.664114114114115,35151.25,29561.176666666666,0.8409708521508245,0,Frequent Spender
222,286159.0,731.8644501278773,391,0.3350383631713555,11.02932651321398,75246.52,47693.166666666664,0.633825546572342,1,High-Value Spender
223,794698.91,2091.3129210526317,380,0.22631578947368422,11.303333333333333,170521.17,132449.81833333333,0.7767353363417183,1,High-Value Spender
224,190810.91,432.67780045351475,441,0.06802721088435375,9.726039304610733,68936.78,31801.818333333333,0.4613185926777162,2,Balanced Spender
225,225519.37,732.2057467532468,308,0.5032467532467533,14.009848484848483,79426.07,37586.56166666667,0.47322701056047045,1,High-Value Spender
226,192991.2,481.27481296758106,401,0.3765586034912718,10.74937655860349,54089.03,32165.2,0.5946714148876399,3,Late-Night Spender
227,50070.79,111.76515625,448,0.22991071428571427,9.625037202380952,24193.23,8345.131666666666,0.3449366482551799,2,Balanced Spender
228,98469.75,163.57101328903656,602,0.08471760797342193,7.154568106312293,51026.68,16411.625,0.3216283128747549,0,Frequent Spender
229,122456.19,241.53094674556215,507,0.14792899408284024,8.466699539776464,46073.5,20409.365,0.44297405232943016,0,Frequent Spender
230,125356.57,348.2126944444445,360,0.19166666666666668,11.977222222222222,30120.02,20892.76166666667,0.69365032515472,2,Balanced Spender
231,67973.71,154.8376082004556,439,0.11845102505694761,9.816552771450265,21526.54,11328.951666666668,0.5262783367260445,2,Balanced Spender
232,83948.68000000001,286.51426621160414,293,0.31399317406143346,14.68122866894198,33216.15,13991.446666666669,0.42122421372334445,2,Balanced Spender
233,85405.99,173.5894105691057,492,0.23780487804878048,8.74908536585366,23312.6,14234.331666666667,0.6105853343971358,0,Frequent Spender
234,134138.22,260.4625631067961,515,0.4621359223300971,8.344951456310678,62147.56,22356.37,0.35973045442170215,3,Late-Night Spender
235,137587.92,249.7058439201452,551,0.16152450090744103,7.808802177858438,56141.21,22931.320000000003,0.40845788681790085,0,Frequent Spender
236,172599.31,364.13356540084385,474,0.43248945147679324,9.056821378340366,45299.18,28766.551666666666,0.6350347107092593,3,Late-Night Spender
237,105852.95,227.64075268817203,465,0.2086021505376344,9.276487455197133,39179.22,17642.158333333333,0.45029376116557024,2,Balanced Spender
238,176546.48,422.36,418,0.06220095693779904,10.319457735247207,42310.42,29424.413333333334,0.6954412963363005,0,Frequent Spender
239,88541.89,153.7185590277778,576,0.5503472222222222,7.498206018518518,35847.03,14756.981666666667,0.4116653922700616,3,Late-Night Spender
240,164284.54,257.9035164835165,637,0.141287284144427,6.762192569335426,75793.95,27380.756666666668,0.3612525362072655,0,Frequent Spender
241,329228.15,673.268200408998,489,0.03067484662576687,8.777266530334014,86157.45,54871.35833333334,0.6368730543131597,0,Frequent Spender
242,62512.42,100.66412238325282,621,0.16747181964573268,6.9183038110574335,20000.0,10418.736666666666,0.5209368333333333,0,Frequent Spender
243,779757.75,2670.4032534246576,292,0.18835616438356165,14.70964611872146,300000.0,129959.625,0.43319875,1,High-Value Spender
244,180219.87,471.77976439790575,382,0.4214659685863874,11.283420593368236,83574.53,30036.645,0.35939950843875523,3,Late-Night Spender
245,258845.37,705.3007356948228,367,0.18256130790190736,11.7,71883.05,43140.895,0.6001539305858613,1,High-Value Spender
246,133815.36,252.4818113207547,530,0.2528301886792453,8.125440251572327,48988.37,22302.559999999998,0.4552623408372231,3,Late-Night Spender
247,238066.94,553.644046511628,430,0.11395348837209303,10.035542635658913,94461.32,39677.823333333334,0.42004307512676436,2,Balanced Spender
248,216080.34,416.33976878612714,519,0.13872832369942195,8.302504816955684,65101.44,36013.39,0.5531888388336724,0,Frequent Spender
249,160738.5,360.4002242152466,446,0.0515695067264574,9.66068759342302,55351.33,26789.75,0.4839946935331093,2,Balanced Spender
250,125363.73,166.70708776595745,752,0.1529255319148936,5.730008865248227,37207.94,20893.954999999998,0.5615456002132877,0,Frequent Spender
251,148385.97,499.6160606060606,297,0.1111111111111111,14.494781144781145,63809.47,24730.995,0.3875756216122779,2,Balanced Spender
252,192770.49,309.422937399679,623,0.11075441412520064,6.8999999999999995,76602.23,32128.414999999997,0.4194187949880832,0,Frequent Spender
253,237097.5,435.04128440366975,545,0.4073394495412844,7.8979816513761465,70984.55,39516.25,0.5566880398621954,3,Late-Night Spender
254,174915.27,487.2291643454039,359,0.38440111420612816,11.969359331476323,52495.41,29152.545,0.5553351235850905,3,Late-Night Spender
255,516278.27,1147.2850444444446,450,0.07333333333333333,9.55474074074074,220004.16,86046.37833333334,0.39111250593322117,1,High-Value Spender
256,215691.33,351.86187601957585,613,0.03588907014681892,7.019113648722131,40555.03,35948.555,0.8864142129841848,0,Frequent Spender
257,69398.88,116.44107382550337,596,0.015100671140939598,7.208836689038031,25496.73,11566.480000000001,0.45364562436045724,0,Frequent Spender
258,134012.66,412.34664615384617,325,0.08307692307692308,13.224307692307692,46793.97,22335.443333333333,0.47731456282365725,2,Balanced Spender
259,64184.28,156.1661313868613,411,0.051094890510948905,10.469951338199513,20083.2,10697.38,0.5326531628425748,2,Balanced Spender
260,171048.13,395.94474537037036,432,0.06712962962962964,9.951350308641976,55223.2,28508.021666666667,0.5162327005075162,2,Balanced Spender
261,352697.31,593.7665151515151,594,0.11447811447811448,7.240263748597081,128196.66,58782.885,0.45853679027207106,0,Frequent Spender
262,80619.92,169.72614736842104,475,0.010526315789473684,9.056140350877193,25478.0,13436.653333333334,0.5273825784336813,0,Frequent Spender
263,100475.1,172.34150943396227,583,0.04974271012006861,7.38533447684391,27581.1,16745.850000000002,0.6071494610439758,0,Frequent Spender
264,106363.96,233.76694505494507,455,0.3230769230769231,9.46970695970696,29720.12,17727.326666666668,0.5964756086673495,3,Late-Night Spender
265,222148.21,414.4556156716418,536,0.3712686567164179,8.055286069651741,87975.52,37024.70166666667,0.4208523196755946,3,Late-Night Spender
266,89308.11,145.9282843137255,612,0.10620915032679738,7.03167211328976,43917.52,14884.685,0.33892362319183783,0,Frequent Spender
267,47233.63,103.35586433260393,457,0.33916849015317285,9.381363967906637,20000.0,7872.2716666666665,0.39361358333333335,3,Late-Night Spender
268,371515.04,734.2194466403162,506,0.3814229249011858,8.489888010540184,129569.95,61919.17333333333,0.47788220442574325,3,Late-Night Spender
269,271211.81,386.8927389443652,701,0.05991440798858773,6.153067047075607,66301.41,45201.96833333333,0.6817648121409986,0,Frequent Spender
270,355465.93,609.7185763293311,583,0.5437392795883362,7.407918810748999,76233.51,59244.32166666666,0.7771427770630877,3,Late-Night Spender
271,108415.39,175.71376012965965,617,0.0940032414910859,6.985548352242031,32530.06,18069.231666666667,0.5554625987983627,0,Frequent Spender
272,175134.16,255.67030656934307,685,0.10656934306569343,6.2961557177615575,45854.8,29189.02666666667,0.6365533524661904,0,Frequent Spender
273,292767.78,488.7609015025042,599,0.04006677796327212,7.1681135225375625,65686.44,48794.630000000005,0.7428417493778016,0,Frequent Spender
274,314316.98,670.1854584221747,469,0.07889125799573561,9.165671641791045,88381.58,52386.16333333333,0.5927271647930862,0,Frequent Spender
275,105193.38,303.15095100864556,347,0.11239193083573487,12.398895292987513,41739.28,17532.23,0.42004150526793943,2,Balanced Spender
276,150623.91,348.66645833333337,432,0.19212962962962962,9.99483024691358,53113.79,25103.985,0.4726453337259495,2,Balanced Spender
277,155092.61,272.092298245614,570,0.08421052631578947,7.563684210526316,50626.09,25848.76833333333,0.5105819614616364,0,Frequent Spender
278,109902.62,315.81212643678157,348,0.20114942528735633,12.384530651340995,33741.79,18317.103333333333,0.542861043629675,2,Balanced Spender
279,182337.81,665.4664598540146,274,0.0948905109489051,15.659671532846716,46972.96,30389.635,0.6469601873077617,1,High-Value Spender
280,283162.34,816.0297982708935,347,0.06628242074927954,12.414745437079732,70622.56,47193.723333333335,0.6682527981615696,1,High-Value Spender
281,327018.18,545.0303,600,0.43166666666666664,7.190305555555556,92008.76,54503.03,0.5923678354104545,3,Late-Night Spender
282,130619.13,359.8323140495868,363,0.256198347107438,11.855601469237833,50797.68,21769.855,0.4285600247885336,2,Balanced Spender
283,75417.4,115.31712538226299,654,0.2782874617737003,6.589041794087666,26550.02,12569.566666666666,0.4734296496449594,0,Frequent Spender
284,176111.56,345.99520628683695,509,0.13555992141453832,8.470497707924034,44426.57,29351.926666666666,0.6606840606120766,0,Frequent Spender
285,308840.69,779.9007323232323,396,0.30808080808080807,10.865025252525253,88464.58,51473.448333333334,0.5818537581180324,1,High-Value Spender
286,81980.33,150.97666666666666,543,0.31675874769797424,7.947298956414978,20420.76,13663.388333333334,0.6690930373469614,3,Late-Night Spender
287,404060.02999999997,831.3992386831275,486,0.23251028806584362,8.872702331961591,141821.77,67343.33833333333,0.47484485867954784,3,Late-Night Spender
288,86914.03,149.59385542168675,581,0.055077452667814115,7.403528399311532,29554.57,14485.671666666667,0.49013305443681526,0,Frequent Spender
289,100611.32,257.9777435897436,390,0.3230769230769231,11.041752136752136,35822.6,16768.553333333333,0.46809984013816236,3,Late-Night Spender
290,394109.75,824.4973849372385,478,0.24476987447698745,9.025627615062762,165657.01,65684.95833333333,0.3965117946613507,3,Late-Night Spender
291,94611.79,185.87777996070724,509,0.29469548133595286,8.48117223313687,37193.32,15768.631666666666,0.42396407921279056,3,Late-Night Spender
292,149847.73,201.40823924731185,744,0.3870967741935484,5.794265232974911,34667.31,24974.62166666667,0.7204084097285504,0,Frequent Spender
293,128529.96,245.75518164435948,523,0.2179732313575526,8.241937539834288,44422.63,21421.66,0.48222403761326155,0,Frequent Spender
294,348810.99,663.1387642585552,526,0.23193916349809887,8.194391634980988,57809.38,58135.165,1.0056355041344502,0,Frequent Spender
295,164890.95,558.9523728813559,295,0.08135593220338982,14.587005649717515,70167.0,27481.825,0.39166310373822455,2,Balanced Spender
296,136271.72,327.57625,416,0.24519230769230768,10.355608974358974,52567.49,22711.953333333335,0.43205322021906195,2,Balanced Spender
297,273384.07,849.0188509316771,322,0.055900621118012424,13.357039337474118,79337.54,45564.011666666665,0.5743058288253792,1,High-Value Spender
298,171316.57,399.339324009324,429,0.2097902097902098,10.049028749028748,57940.0,28552.76166666667,0.4927987861005638,2,Balanced Spender
299,98122.92,225.05256880733944,436,0.13302752293577982,9.87152140672783,40360.04,16353.82,0.4051983100115857,2,Balanced Spender
300,147180.59,509.2753979238754,289,0.11072664359861592,14.89948096885813,52348.06,24530.09833333333,0.46859613008263024,2,Balanced Spender
301,191926.56,342.11508021390375,561,0.16755793226381463,7.696939988116459,67459.31,31987.76,0.47417858261520907,0,Frequent Spender
302,139736.91,216.64637209302327,645,0.024806201550387597,6.660490956072351,34271.39,23289.485,0.6795605605725359,0,Frequent Spender
303,283537.44,400.47661016949155,708,0.2754237288135593,6.096963276836157,94000.0,47256.24,0.5027259574468085,0,Frequent Spender
304,171965.01,310.9674683544304,553,0.26763110307414106,7.803526220614829,73754.33,28660.835000000003,0.38859867617263966,3,Late-Night Spender
305,192760.95,334.65442708333336,576,0.09375,7.468084490740741,72859.78,32126.825,0.4409404612531084,0,Frequent Spender
306,200527.07,338.15694772344017,593,0.2782462057335582,7.258516020236088,65602.71,33421.17833333334,0.5094481361110438,0,Frequent Spender
307,603384.49,1111.2053222836096,543,0.1694290976058932,7.906414978514426,219669.87,100564.08166666667,0.4577964272782001,1,High-Value Spender
308,95275.01,132.32640277777776,720,0.23472222222222222,5.9605555555555565,34814.67,15879.168333333333,0.4561056684820891,0,Frequent Spender
309,152132.05,603.6986111111111,252,0.011904761904761904,17.053108465608464,46046.67,25355.341666666664,0.550644415039495,1,High-Value Spender
310,176655.48,254.91411255411256,693,0.2077922077922078,6.227489177489177,62266.78,29442.58,0.4728457132358539,0,Frequent Spender
311,222691.75,636.2621428571429,350,0.16285714285714287,12.28552380952381,56933.66,37115.291666666664,0.651904192821376,1,High-Value Spender
312,62877.36,216.8184827586207,290,0.1482758620689655,14.876839080459769,20000.0,10479.56,0.5239779999999999,2,Balanced Spender
313,172190.2,467.9081521739131,368,0.1358695652173913,11.654076086956522,86885.5,28698.36666666667,0.3303009900002494,2,Balanced Spender
314,73625.59,144.93226377952755,508,0.31299212598425197,8.492946194225722,27173.66,12270.931666666665,0.45157449039498787,3,Late-Night Spender
315,133390.59,501.4683834586466,266,0.30451127819548873,16.16647869674185,49491.67,22231.765,0.44920215866629676,2,Balanced Spender
316,177432.55,439.1894801980198,404,0.0297029702970297,10.675453795379537,51192.19,29572.091666666664,0.5776680323046672,2,Balanced Spender
317,260887.54,587.5845495495496,444,0.11486486486486487,9.700938438438438,58898.25,43481.25666666667,0.7382436093885076,1,High-Value Spender
318,394663.16,633.4882182985554,623,0.15409309791332262,6.9133761369716416,121144.26,65777.19333333333,0.5429658271331497,0,Frequent Spender
319,117261.66,164.69334269662923,712,0.3202247191011236,6.06498127340824,34093.23,19543.61,0.5732402004738184,0,Frequent Spender
320,163152.66,382.9874647887324,426,0.2676056338028169,10.101838810641627,49992.91,27192.11,0.5439193277606764,3,Late-Night Spender
321,254167.04,532.8449475890985,477,0.18238993710691823,9.013766596785464,115771.57,42361.17333333333,0.365903073900901,2,Balanced Spender
322,123051.8,204.7450915141431,601,0.4226289517470882,7.166971713810317,46415.18,20508.633333333335,0.4418518539265244,3,Late-Night Spender
323,120722.78,264.74293859649123,456,0.125,9.442580409356726,42249.56,20120.463333333333,0.4762289437649371,2,Balanced Spender
324,193355.97,450.7132167832168,429,0.07226107226107226,10.028593628593628,48708.03,32225.995,0.6616156514644506,0,Frequent Spender
325,101084.51,227.156202247191,445,0.19775280898876405,9.668614232209737,32568.39,16847.41833333333,0.5172935577513451,2,Balanced Spender
326,575717.53,1024.4084163701068,562,0.3540925266903915,7.673309608540925,212997.07,95952.92166666668,0.4504893971859175,3,Late-Night Spender
327,70221.05,184.79223684210527,380,0.1,11.315438596491228,34217.28,11703.508333333333,0.34203502830538646,2,Balanced Spender
328,126549.25,466.97140221402213,271,0.2029520295202952,15.84532595325953,49137.93,21091.541666666668,0.42923138330545607,2,Balanced Spender
329,333536.84,521.1513125,640,0.246875,6.701171875,99844.78,55589.473333333335,0.5567589345515442,0,Frequent Spender
330,207983.21,457.10595604395604,455,0.041758241758241756,9.462637362637363,70577.04,34663.86833333333,0.49114936434474066,2,Balanced Spender
331,144563.4,238.55346534653464,606,0.16831683168316833,7.087458745874588,45305.28,24093.899999999998,0.5318121861292988,0,Frequent Spender
332,304215.07,481.3529588607595,632,0.15822784810126583,6.826687763713079,93770.4,50702.511666666665,0.540709132803813,0,Frequent Spender
333,513392.58,1496.7713702623907,343,0.2653061224489796,12.528571428571428,151203.31,85565.43000000001,0.5658965402278562,1,High-Value Spender
334,115948.27,220.85384761904763,525,0.23809523809523808,8.21031746031746,26569.78,19324.711666666666,0.7273192200562695,0,Frequent Spender
335,199094.36,557.6872829131652,357,0.09243697478991597,12.067320261437906,100017.78,33182.39333333333,0.3317649455260188,2,Balanced Spender
336,75356.44,180.27856459330144,418,0.12679425837320574,10.313915470494416,29164.28,12559.406666666668,0.4306434675111701,2,Balanced Spender
337,186851.78,551.185191740413,339,0.3805309734513274,12.708997050147493,83680.01,31141.963333333333,0.37215534908914727,2,Balanced Spender
338,164153.24,442.461563342318,371,0.22641509433962265,11.629469901168013,75775.0,27358.873333333333,0.36105408556032115,2,Balanced Spender
339,203564.31,330.9988780487805,615,0.12682926829268293,6.997344173441735,94865.3,33927.385,0.3576374606942686,0,Frequent Spender
340,126003.25,291.67418981481484,432,0.05787037037037037,9.976890432098765,56585.02,21000.541666666668,0.3711325306002661,2,Balanced Spender
341,111091.7,291.57926509186353,381,0.3779527559055118,11.23827646544182,36529.3,18515.283333333333,0.5068611589418174,3,Late-Night Spender
342,130411.98,168.92743523316062,772,0.011658031088082901,5.580440414507772,36578.11,21735.329999999998,0.5942168690509159,0,Frequent Spender
343,353804.55,628.4272646536411,563,0.12788632326820604,7.631053878034339,137737.42,58967.424999999996,0.42811477810459925,0,Frequent Spender
344,118714.1,262.64181415929204,452,0.18584070796460178,9.498451327433628,40134.27,19785.683333333334,0.4929872483873093,2,Balanced Spender
345,260031.85,1057.0400406504066,246,0.12195121951219512,17.456775067750677,68910.23,43338.64166666667,0.6289144828955973,1,High-Value Spender
346,218247.95,435.6246506986028,501,0.24750499001996007,8.592215568862276,80215.71,36374.65833333333,0.4534605295313515,3,Late-Night Spender
347,125184.15,216.95693240901213,577,0.3778162911611785,7.482697862507221,35301.27,20864.024999999998,0.5910276032562001,3,Late-Night Spender
348,579682.22,1533.5508465608466,378,0.16666666666666666,11.42257495590829,213524.2,96613.70333333332,0.45247191340997095,1,High-Value Spender
349,623089.1,2217.3989323843416,281,0.18149466192170818,15.298695136417557,182553.34,103848.18333333333,0.5688648771549911,1,High-Value Spender
350,70122.84,142.8163747454175,491,0.09979633401221996,8.770061099796335,22836.23,11687.14,0.5117806222831002,0,Frequent Spender
351,106527.26,287.9115135135135,370,0.13513513513513514,11.631666666666666,30631.61,17754.54333333333,0.5796150882481637,2,Balanced Spender
352,263263.48,462.6774692442882,569,0.0984182776801406,7.571851200937317,67215.06,43877.246666666666,0.652788923593413,0,Frequent Spender
353,190857.16,320.2301342281879,596,0.21140939597315436,7.224300894854586,46080.28,31809.52666666667,0.690306713992768,0,Frequent Spender
354,86841.16,289.4705333333333,300,0.18,14.367722222222222,35554.32,14473.526666666667,0.40708208360240516,2,Balanced Spender
355,183408.08,379.72687370600414,483,0.16563146997929606,8.89278812974465,61242.04,30568.013333333332,0.4991344725507728,0,Frequent Spender
356,182869.4,397.5421739130435,460,0.2673913043478261,9.380724637681158,53441.41,30478.233333333334,0.5703111750482132,3,Late-Night Spender
357,191974.0,393.3893442622951,488,0.305327868852459,8.8176912568306,59715.81,31995.666666666668,0.53579892270852,3,Late-Night Spender
358,59719.66,145.3033090024331,411,0.12895377128953772,10.484387672343876,20000.0,9953.276666666667,0.4976638333333333,2,Balanced Spender
359,436372.58,1066.9256234718828,409,0.11246943765281174,10.530236348818256,194550.74,72728.76333333334,0.373829281416937,1,High-Value Spender
360,103323.81,224.61697826086956,460,0.3652173913043478,9.37481884057971,25945.13,17220.635,0.6637328469735938,3,Late-Night Spender
361,172014.81,332.07492277992276,518,0.009652509652509652,8.289350064350064,81458.7,28669.135,0.35194687614705367,0,Frequent Spender
362,93088.84,170.18069469835464,547,0.14442413162705667,7.883516148689822,24141.28,15514.806666666665,0.6426671107193432,0,Frequent Spender
363,75776.92,96.1636040609137,788,0.12309644670050761,5.478362944162436,20000.0,12629.486666666666,0.6314743333333332,0,Frequent Spender
364,109589.16,462.4015189873418,237,0.32489451476793246,18.061462728551337,28431.53,18264.86,0.6424156561395044,1,High-Value Spender
365,232954.85,522.3202914798206,446,0.1681614349775785,9.653288490284007,106182.38,38825.808333333334,0.3656520821376704,2,Balanced Spender
366,224125.85,438.602446183953,511,0.20939334637964774,8.445857795172863,70486.06,37354.308333333334,0.5299531330497596,0,Frequent Spender
367,151705.83,380.2151127819549,399,0.24310776942355888,10.81888053467001,37841.18,25284.304999999997,0.6681690422973067,3,Late-Night Spender
368,255835.43,885.2437024221454,289,0.16608996539792387,14.913264129181085,79024.28,42639.238333333335,0.5395713612744505,1,High-Value Spender
369,66059.84,106.72025848142164,619,0.13731825525040386,6.965428109854605,20000.0,11009.973333333333,0.5504986666666667,0,Frequent Spender
370,230327.27,472.951273100616,487,0.3347022587268994,8.865058179329225,55209.94,38387.878333333334,0.6953073727907209,3,Late-Night Spender
371,210196.96,516.4544471744472,407,0.25307125307125306,10.574242424242422,74185.79,35032.82666666667,0.4722309577975333,2,Balanced Spender
372,97721.55,145.85305970149255,670,0.13432835820895522,6.417636815920398,36006.21,16286.925000000001,0.452336555277548,0,Frequent Spender
373,73706.33,158.84984913793105,464,0.35560344827586204,9.237571839080461,26707.68,12284.388333333334,0.45995714840575197,3,Late-Night Spender
374,237248.64,364.4372350230415,651,0.46236559139784944,6.633691756272401,75612.91,39541.44,0.5229456186780802,3,Late-Night Spender
375,79751.81,166.14960416666665,480,0.23125,8.967951388888888,35315.44,13291.968333333332,0.3763783867150836,2,Balanced Spender
376,52063.06,89.76389655172413,580,0.16551724137931034,7.433706896551724,20000.0,8677.176666666666,0.4338588333333333,0,Frequent Spender
377,122221.35,286.2326697892272,427,0.22950819672131148,10.022209211553474,33702.23,20370.225000000002,0.6044177195396269,3,Late-Night Spender
378,73161.51,122.75421140939596,596,0.1610738255033557,7.23352908277405,21044.25,12193.585,0.5794259714648894,0,Frequent Spender
379,85310.8,134.5596214511041,634,0.21766561514195584,6.791167192429023,40885.37,14218.466666666667,0.3477641676391009,0,Frequent Spender
380,52905.72,144.5511475409836,366,0.6174863387978142,11.773406193078324,27003.76,8817.62,0.32653304576844117,3,Late-Night Spender
381,120993.97,303.24303258145363,399,0.09273182957393483,10.818504594820384,39191.39,20165.661666666667,0.514543160287672,2,Balanced Spender
382,83123.9,131.5251582278481,632,0.10759493670886076,6.800712025316456,38681.79,13853.983333333332,0.3581525915251939,0,Frequent Spender
383,201348.07,529.8633421052632,380,0.25,11.299298245614036,70851.09,33558.011666666665,0.4736414311574694,2,Balanced Spender
384,121755.47,221.77681238615665,549,0.06375227686703097,7.829265330904675,41104.49,20292.578333333335,0.493682766367697,0,Frequent Spender
385,108011.14,193.91587073608616,557,0.6193895870736086,7.73147815679234,37374.65,18001.856666666667,0.48165953839478537,3,Late-Night Spender
386,51764.87,89.24977586206897,580,0.20862068965517241,7.418505747126437,23157.74,8627.478333333334,0.3725526900869141,0,Frequent Spender
387,53876.79,108.842,495,0.37777777777777777,8.651784511784511,20000.0,8979.465,0.44897325,3,Late-Night Spender
388,56520.05,225.17948207171315,251,0.28286852589641437,17.15132802124834,20000.0,9420.008333333333,0.47100041666666664,2,Balanced Spender
389,99646.31,168.03762225969646,593,0.09612141652613827,7.241765036537381,25280.39,16607.718333333334,0.6569407486725218,0,Frequent Spender
390,70748.05,143.79684959349595,492,0.3394308943089431,8.752608401084009,26232.44,11791.341666666667,0.449494658776182,3,Late-Night Spender
391,373962.19,783.987819706499,477,0.1111111111111111,9.043640810621943,113115.79,62327.03166666667,0.5510020454851323,1,High-Value Spender
392,99250.16,203.79909650924026,487,0.24229979466119098,8.863963039014374,27245.46,16541.693333333333,0.6071357698982999,3,Late-Night Spender
393,971046.59,1798.234425925926,540,0.15925925925925927,7.995216049382717,249826.16,161841.09833333333,0.6478148578729038,1,High-Value Spender
394,213074.92,500.175868544601,426,0.13615023474178403,10.102386541471049,70381.04,35512.48666666667,0.5045746221804434,2,Balanced Spender
395,205472.5,410.124750499002,501,0.2954091816367265,8.597638057218896,56490.34,34245.416666666664,0.606217216371271,3,Late-Night Spender
396,68136.21,181.21332446808512,376,0.07446808510638298,11.444636524822695,25109.3,11356.035000000002,0.45226410134890266,2,Balanced Spender
397,218929.86,485.43206208425715,451,0.04434589800443459,9.556060606060605,47721.13,36488.31,0.7646153810691406,0,Frequent Spender
398,206238.51,335.3471707317073,615,0.2016260162601626,7.019051490514904,76075.72,34373.085,0.45182727156575053,0,Frequent Spender
399,75846.72,244.66683870967742,310,0.05161290322580645,13.863172043010751,33252.44,12641.12,0.3801561629763109,2,Balanced Spender
400,158970.99,359.6628733031674,442,0.049773755656108594,9.715950226244344,45805.29,26495.164999999997,0.578430242445796,0,Frequent Spender
401,104472.83,288.5989779005525,362,0.2154696132596685,11.89829650092081,36743.78,17412.138333333332,0.4738798875165629,2,Balanced Spender
402,291675.84,992.0946938775511,294,0.3333333333333333,14.613378684807255,94799.36,48612.64000000001,0.5127950230887636,1,High-Value Spender
403,192014.63,316.85582508250826,606,0.06435643564356436,7.106188118811882,49655.72,32002.438333333335,0.6444864425152497,0,Frequent Spender
404,112071.42,275.3597542997543,407,0.26535626535626533,10.610401310401311,71933.84,18678.57,0.25966318494883633,2,Balanced Spender
405,258837.86,487.4535969868173,531,0.352165725047081,8.132831136220966,87799.77,43139.64333333333,0.49134118840326496,3,Late-Night Spender
406,142202.56,271.8978202676864,523,0.5583173996175909,8.252963671128107,41045.7,23700.426666666666,0.5774155798699174,3,Late-Night Spender
407,250852.97,779.0464906832298,322,0.11180124223602485,13.362888198757762,79836.57,41808.82833333333,0.5236801672884159,1,High-Value Spender
408,127841.39,286.6398878923767,446,0.10762331838565023,9.649962630792228,54952.38,21306.898333333334,0.38773385853958164,2,Balanced Spender
409,173545.97,592.3070648464164,293,0.04436860068259386,14.689021615472127,49993.88,28924.328333333335,0.5785573820902346,1,High-Value Spender
410,100892.78,138.58898351648352,728,0.25686813186813184,5.908356227106227,32186.97,16815.463333333333,0.5224307641674047,0,Frequent Spender
411,149239.56,408.87550684931506,365,0.4383561643835616,11.81972602739726,58819.29,24873.26,0.42287589666587266,3,Late-Night Spender
412,86525.95,167.36160541586074,517,0.09671179883945841,8.312637008381689,20000.0,14420.991666666667,0.7210495833333334,0,Frequent Spender
413,263925.44,486.0505340699816,543,0.3664825046040516,7.948250460405156,64979.71,43987.573333333334,0.6769432078618592,3,Late-Night Spender
414,121736.6,317.8501305483029,383,0.15404699738903394,11.242036553524803,53527.19,20289.433333333334,0.3790491025838146,2,Balanced Spender
415,618871.77,1445.9620794392524,428,0.4719626168224299,10.032515576323988,152055.98,103145.295,0.6783376424919295,1,High-Value Spender
416,179034.29,531.2590207715134,337,0.08605341246290801,12.765825914935707,57239.42,29839.048333333336,0.5213024229339385,2,Balanced Spender
417,125213.94,218.14275261324042,574,0.2961672473867596,7.479500580720093,38383.81,20868.99,0.5436925099410403,3,Late-Night Spender
418,111157.34,183.42795379537952,606,0.066006600660066,7.105253025302529,47049.62,18526.22333333333,0.3937592552996885,0,Frequent Spender
419,140632.11,305.72197826086955,460,0.12173913043478261,9.353913043478261,49584.47,23438.684999999998,0.4727021383913148,2,Balanced Spender
420,104256.7,187.51205035971222,556,0.20503597122302158,7.7492505995203835,39834.77,17376.116666666665,0.43620476951835463,0,Frequent Spender
421,93052.49,375.21165322580646,248,0.46774193548387094,17.32923387096774,37211.94,15508.748333333335,0.4167680678119263,2,Balanced Spender
422,41762.17,123.1922418879056,339,0.35398230088495575,12.655408062930187,20000.0,6960.361666666667,0.34801808333333334,2,Balanced Spender
423,63653.08,120.7838330170778,527,0.04554079696394687,8.159582542694498,34451.06,10608.846666666666,0.3079396299175313,0,Frequent Spender
424,295341.4,843.8325714285714,350,0.30857142857142855,12.289619047619048,140564.13,49223.56666666667,0.3501858309560673,2,Balanced Spender
425,153328.71,405.6315079365079,378,0.17724867724867724,11.387257495590829,54268.66,25554.785,0.47089397453336784,2,Balanced Spender
426,57509.36,238.62804979253113,241,0.11203319502074689,17.88063623789765,20000.0,9584.893333333333,0.47924466666666665,2,Balanced Spender
427,157023.87,620.6477075098815,253,0.1067193675889328,16.947035573122527,50469.83,26170.645,0.5185403834330331,1,High-Value Spender
428,177186.33,536.9282727272727,330,0.03636363636363636,13.019343434343433,66994.69,29531.054999999997,0.4407969497284038,2,Balanced Spender
429,636536.48,1134.6461319073082,561,0.2620320855614973,7.673559120617944,136268.59,106089.41333333333,0.7785316728773177,1,High-Value Spender
430,197982.34,329.42153078202995,601,0.24292845257903495,7.148280643372158,82204.86,32997.056666666664,0.4014003146123801,0,Frequent Spender
431,392642.65,941.5890887290168,417,0.11510791366906475,10.280615507593923,110039.26,65440.44166666667,0.5947008519201844,1,High-Value Spender
432,198035.08,340.2664604810996,582,0.20962199312714777,7.375,83278.92,33005.846666666665,0.39632894694919996,0,Frequent Spender
433,162594.85,274.19030354131536,593,0.24957841483979765,7.25947161326588,57803.43,27099.141666666666,0.46881546072035285,0,Frequent Spender
434,65910.16,105.28779552715656,626,0.1389776357827476,6.886155484558041,22153.57,10985.026666666667,0.4958580791568432,0,Frequent Spender
435,87240.88,140.71109677419355,620,0.38870967741935486,6.956854838709678,35312.05,14540.146666666667,0.4117616130093457,3,Late-Night Spender
436,129693.28,251.34356589147288,516,0.1434108527131783,8.353746770025841,70441.35,21615.546666666665,0.30685877920662596,2,Balanced Spender
437,65798.19,151.95886836027714,433,0.19399538106235567,9.924326404926868,35440.45,10966.365,0.3094307493273929,2,Balanced Spender
438,201169.4,447.0431111111111,450,0.25333333333333335,9.561814814814815,45382.49,33528.23333333333,0.7387922816340252,3,Late-Night Spender
439,150284.22,271.27115523465704,554,0.15342960288808663,7.773796630565584,56594.91,25047.37,0.44257283914754875,0,Frequent Spender
440,73453.91,176.9973734939759,415,0.08674698795180723,10.389317269076304,20000.0,12242.318333333335,0.6121159166666668,2,Balanced Spender
441,117970.2,355.3319277108434,332,0.23795180722891565,12.965512048192771,40583.05,19661.7,0.48448058980288566,2,Balanced Spender
442,87574.82,199.03368181818183,440,0.18636363636363637,9.754734848484848,42285.92,14595.803333333335,0.34516934557255313,2,Balanced Spender
443,303859.11,454.87890718562875,668,0.2410179640718563,6.450848303393214,68002.11,50643.185,0.744729612066449,0,Frequent Spender
444,60292.07,102.8874914675768,586,0.3822525597269625,7.296757679180887,23138.65,10048.678333333333,0.4342810982202217,3,Late-Night Spender
445,110058.6,170.63348837209304,645,0.3147286821705426,6.660542635658915,32726.49,18343.100000000002,0.5604970163314185,0,Frequent Spender
446,71987.68,137.11939047619046,525,0.23047619047619047,8.189968253968255,20000.0,11997.946666666665,0.5998973333333333,0,Frequent Spender
447,147526.0,443.021021021021,333,0.009009009009009009,12.903403403403402,47177.56,24587.666666666668,0.521172919215548,2,Balanced Spender
448,114039.61,233.68772540983608,488,0.41188524590163933,8.82090163934426,56204.79,19006.601666666666,0.3381669367800621,3,Late-Night Spender
449,136474.62,328.8545060240964,415,0.2216867469879518,10.353172690763053,56570.54,22745.77,0.4020780073868837,2,Balanced Spender
450,269826.01,468.4479340277778,576,0.10590277777777778,7.468923611111112,64654.07,44971.00166666667,0.6955633522633095,0,Frequent Spender
451,203180.02,356.45617543859646,570,0.20175438596491227,7.544502923976609,46656.45,33863.33666666666,0.7258018273286259,0,Frequent Spender
452,233708.23,654.6449019607843,357,0.06162464985994398,12.063352007469655,58618.9,38951.371666666666,0.664484861822154,1,High-Value Spender
453,112181.65,306.50724043715843,366,0.4672131147540984,11.794945355191256,49414.98,18696.941666666666,0.37836586530373306,3,Late-Night Spender
454,190355.05,368.19158607350096,517,0.027079303675048357,8.3285944551902,63988.28,31725.841666666664,0.49580707071149066,0,Frequent Spender
455,280466.97,706.4659193954659,397,0.022670025188916875,10.81817800167926,83459.38,46744.494999999995,0.560086775147383,1,High-Value Spender
456,169814.87,308.1939564428312,551,0.132486388384755,7.823563218390804,56659.07,28302.478333333333,0.4995224653940372,0,Frequent Spender
457,66901.56,224.50187919463087,298,0.28859060402684567,14.410178970917226,37621.0,11150.26,0.29638393450466494,2,Balanced Spender
458,125079.72,426.8932423208191,293,0.020477815699658702,14.694823663253697,44612.95,20846.62,0.46727732642651965,2,Balanced Spender
459,73317.56,148.4161133603239,494,0.20242914979757085,8.692645074224021,32856.73,12219.593333333332,0.3719053397381094,2,Balanced Spender
460,151485.65,367.68361650485434,412,0.23300970873786409,10.465655339805826,52751.36,25247.608333333334,0.478615306474247,2,Balanced Spender
461,181872.58,322.46911347517727,564,0.3953900709219858,7.652630023640661,82261.23,30312.096666666665,0.3684858184914894,3,Late-Night Spender
462,204733.05,540.1927440633245,379,0.09762532981530343,11.280826737027265,49192.64,34122.174999999996,0.6936439068933888,1,High-Value Spender
463,276223.88,437.0631012658228,632,0.23417721518987342,6.822415611814345,88770.8,46037.31333333333,0.5186087467200176,0,Frequent Spender
464,251326.14,500.64968127490044,502,0.3346613545816733,8.604747675962814,86610.69,41887.69,0.4836318703845911,3,Late-Night Spender
465,102078.54,155.13455927051672,658,0.2948328267477204,6.532117527862209,31998.47,17013.09,0.5316844836643752,0,Frequent Spender
466,289861.26,537.7759925788497,539,0.13358070500927643,7.960204081632654,76028.36,48310.21,0.6354235445825742,0,Frequent Spender
467,66815.4,160.22877697841724,417,0.06474820143884892,10.262709832134293,21282.8,11135.9,0.5232347247542617,2,Balanced Spender
468,72966.0,181.05707196029778,403,0.07196029776674938,10.657113316790737,26429.96,12161.0,0.46012177089938844,2,Balanced Spender
469,94227.3,197.54150943396226,477,0.18029350104821804,9.027777777777779,20000.0,15704.550000000001,0.7852275000000001,0,Frequent Spender
470,83851.66,171.4757873210634,489,0.33537832310838445,8.827982276755282,27314.39,13975.276666666667,0.5116452048413553,3,Late-Night Spender
471,116343.35,161.81272600834492,719,0.21001390820584145,5.992118683356513,35652.85,19390.558333333334,0.5438712005725583,0,Frequent Spender
472,118535.04,311.11559055118107,381,0.2283464566929134,11.30161854768154,54786.35,19755.84,0.3605978496468555,2,Balanced Spender
473,168405.89,306.7502550091075,549,0.10746812386156648,7.84274438372799,49703.29,28067.648333333334,0.5647040333413208,0,Frequent Spender
474,293589.67,531.8653442028985,552,0.2554347826086957,7.795048309178744,84068.54,48931.611666666664,0.5820442661031899,0,Frequent Spender
475,125397.65,198.41400316455696,632,0.17246835443037975,6.808992616033756,39886.99,20899.608333333334,0.5239705561470879,0,Frequent Spender
476,96196.35,217.6388009049774,442,0.0746606334841629,9.731975867269984,30834.15,16032.725,0.5199664981846427,2,Balanced Spender
477,101732.88,215.5357627118644,472,0.1016949152542373,9.126659604519773,47601.99,16955.48,0.35619267177695724,2,Balanced Spender
478,107641.24,271.13662468513854,397,0.12846347607052896,10.811209068010076,23245.47,17940.20666666667,0.7717721632071396,0,Frequent Spender
479,261476.29,573.4129166666667,456,0.043859649122807015,9.441776315789474,63449.76,43579.38166666667,0.6868328842641275,0,Frequent Spender
480,132045.41,231.65861403508774,570,0.1368421052631579,7.527280701754386,44421.7,22007.568333333333,0.4954238206402126,0,Frequent Spender
481,461654.74,848.6300367647059,544,0.11029411764705882,7.912285539215685,111643.33,76942.45666666667,0.6891809539062178,0,Frequent Spender
482,125307.16,212.7456027164686,589,0.07470288624787776,7.291765704584042,45775.25,20884.52666666667,0.4562405812456878,0,Frequent Spender
483,66674.34,277.80975,240,0.375,17.89798611111111,32513.73,11112.39,0.34177530538637063,2,Balanced Spender
484,65431.76,117.89506306306306,555,0.3783783783783784,7.743213213213213,23606.62,10905.293333333333,0.4619591171177125,3,Late-Night Spender
485,183207.84,380.0992531120332,482,0.25311203319502074,8.930982019363762,60030.78,30534.64,0.5086497293555073,3,Late-Night Spender
486,100698.22,258.86431876606684,389,0.2185089974293059,11.085175664095972,42838.78,16783.036666666667,0.39177205015331124,2,Balanced Spender
487,43330.51,164.1307196969697,264,0.14015151515151514,16.265088383838386,20000.0,7221.751666666667,0.36108758333333335,2,Balanced Spender
488,259466.96,512.7805533596837,506,0.08300395256916997,8.501054018445322,78542.03,43244.49333333333,0.5505904715390388,0,Frequent Spender
489,113532.91,330.03752906976746,344,0.21511627906976744,12.531637596899225,37797.12,18922.15166666667,0.5006241657212683,2,Balanced Spender
490,183693.01,711.9884108527132,258,0.2558139534883721,16.61782945736434,43031.64,30615.501666666667,0.7114649050481615,1,High-Value Spender
491,236574.97,578.4229095354523,409,0.36674816625916873,10.543317033414832,83932.41,39429.16166666667,0.46977278105879083,3,Late-Night Spender
492,214209.79,284.8534441489362,752,0.02526595744680851,5.729078014184397,80106.74,35701.63166666667,0.4456757529599465,0,Frequent Spender
493,162706.54,266.73203278688527,610,0.06885245901639345,7.070245901639345,48682.72,27117.756666666668,0.5570304343443971,0,Frequent Spender
494,190777.28,331.2105555555556,576,0.07118055555555555,7.476736111111112,65084.02,31796.213333333333,0.488541017185683,0,Frequent Spender
495,229757.23,427.05804832713756,538,0.40148698884758366,7.956412639405205,82756.85,38292.871666666666,0.4627154328211702,3,Late-Night Spender
496,209914.62,475.99687074829933,441,0.11564625850340136,9.755555555555555,87088.75,34985.77,0.40172548119016516,2,Balanced Spender
497,125519.96,298.85704761904765,420,0.06428571428571428,10.250555555555556,37430.37,20919.993333333336,0.5589042623231706,2,Balanced Spender
498,176203.99,426.6440435835351,413,0.18886198547215496,10.418886198547215,77056.83,29367.331666666665,0.3811126368248819,2,Balanced Spender
499,129693.04,338.62412532637074,383,0.1462140992167102,11.223933855526544,43294.26,21615.506666666664,0.4992695721480553,2,Balanced Spender
500,291125.37,724.1924626865672,402,0.07711442786069651,10.699917081260365,79473.25,48520.895,0.6105311535642496,1,High-Value Spender
501,219649.05,403.02577981651376,545,0.23119266055045873,7.906146788990826,80344.43,36608.174999999996,0.45564048434969295,0,Frequent Spender
502,95917.7,163.6820819112628,586,0.07849829351535836,7.335011376564277,42428.75,15986.283333333333,0.37677950289210344,0,Frequent Spender
503,291432.85,556.1695610687023,524,0.10877862595419847,8.225127226463103,106080.25,48572.14166666666,0.4578811010217893,0,Frequent Spender
504,93050.06,266.6190830945559,349,0.08595988538681948,12.33085004775549,38192.17,15508.343333333332,0.40606080600639693,2,Balanced Spender
505,52411.59,95.46737704918033,549,0.0965391621129326,7.823982999392836,20000.0,8735.265,0.43676325,0,Frequent Spender
506,164099.75,279.0812074829932,588,0.19387755102040816,7.338293650793651,51251.11,27349.958333333332,0.5336461655822349,0,Frequent Spender
507,102966.61,207.17627766599597,497,0.20724346076458752,8.672367538564723,26693.07,17161.101666666666,0.6429047564280417,0,Frequent Spender
508,244944.81,735.5699999999999,333,0.17717717717717718,12.913413413413414,88010.54,40824.135,0.46385506781346875,1,High-Value Spender
509,135765.35,169.07266500622666,803,0.1718555417185554,5.373744292237443,62803.93,22627.558333333334,0.36028889168772293,0,Frequent Spender
510,155139.61,295.504019047619,525,0.13333333333333333,8.195269841269841,68481.3,25856.601666666666,0.37757171179090737,0,Frequent Spender
511,259094.18,442.89603418803415,585,0.29914529914529914,7.362934472934473,73460.76,43182.363333333335,0.5878289760864622,3,Late-Night Spender
512,189278.32,361.9088336520077,523,0.2332695984703633,8.255258126195029,39444.97,31546.38666666667,0.799756893379984,0,Frequent Spender
513,113180.31999999999,193.14047781569965,586,0.10580204778156997,7.351763367463026,35397.26,18863.386666666665,0.532905277602466,0,Frequent Spender
514,155012.79,420.0888617886179,369,0.27371273712737126,11.639295392953928,44366.21,25835.465,0.5823230111384318,2,Balanced Spender
515,61469.76,110.3586355475763,557,0.1436265709156194,7.718940754039497,22436.35,10244.960000000001,0.456623292113022,0,Frequent Spender
516,48656.18,127.03963446475196,383,0.07049608355091384,11.243037423846822,20000.0,8109.363333333334,0.4054681666666667,2,Balanced Spender
517,359097.14,524.229401459854,685,0.31532846715328466,6.273649635036496,106536.93,59849.52333333334,0.5617725546750159,0,Frequent Spender
518,92932.48,169.89484460694698,547,0.10786106032906764,7.886654478976234,33556.39,15488.746666666666,0.4615736873563177,0,Frequent Spender
519,182927.05,390.8697649572649,468,0.18803418803418803,9.210470085470085,50955.77,30487.841666666664,0.5983197126972405,0,Frequent Spender
520,123806.39,227.1676880733945,545,0.07706422018348624,7.9007033639143724,38184.58,20634.398333333334,0.5403856303600388,0,Frequent Spender
521,226416.06,432.0917175572519,524,0.16030534351145037,8.196119592875318,94053.52,37736.01,0.4012184764589353,0,Frequent Spender
522,256301.94,1021.1232669322709,251,0.07569721115537849,17.172974767596283,93226.94,42716.99,0.45820435595118747,1,High-Value Spender
523,98850.4,289.0362573099415,342,0.12573099415204678,12.59303118908382,41145.79,16475.066666666666,0.40040710523887535,2,Balanced Spender
524,210787.11,437.31765560165974,482,0.2697095435684647,8.906500691562933,53967.17,35131.185,0.650973267636602,3,Late-Night Spender
525,374629.75,663.0615044247787,565,0.1911504424778761,7.631474926253686,68107.35,62438.291666666664,0.9167628995499995,0,Frequent Spender
526,197400.35,427.2734848484849,462,0.1645021645021645,9.288708513708514,83201.04,32900.058333333334,0.39542845057385506,2,Balanced Spender
527,194482.66,373.28725527831097,521,0.2034548944337812,8.278790786948177,56167.62,32413.77666666667,0.5770900861860743,0,Frequent Spender
528,94648.42,236.03097256857856,401,0.18204488778054864,10.715211970074813,41347.3,15774.736666666666,0.38151793869652106,2,Balanced Spender
529,139152.91,233.87043697478992,595,0.10588235294117647,7.248375350140055,43199.68,23192.15166666667,0.5368593393901684,0,Frequent Spender
530,210250.68,732.5807665505226,287,0.07665505226480836,14.96747967479675,47120.44,35041.78,0.7436641083996668,1,High-Value Spender
531,127821.83,371.57508720930235,344,0.09302325581395349,12.491182170542634,42850.51,21303.638333333332,0.4971618385249868,2,Balanced Spender
532,125546.61,305.46620437956204,411,0.2116788321167883,10.439699918896999,72137.5,20924.435,0.29006321261479817,2,Balanced Spender
533,113907.71,222.47599609375,512,0.427734375,8.391471354166667,40463.38,18984.618333333336,0.46918023984485074,3,Late-Night Spender
534,58614.68,147.27306532663317,398,0.1306532663316583,10.822571189279731,22556.23,9769.113333333333,0.4331004486713131,2,Balanced Spender
535,187435.21,491.95593175853014,381,0.1679790026246719,11.27182852143482,64241.16,31239.201666666664,0.48628016160770854,2,Balanced Spender
536,94476.42,224.94385714285713,420,0.11666666666666667,10.256150793650793,27608.57,15746.07,0.5703326901755505,2,Balanced Spender
537,91512.46,196.37866952789702,466,0.2510729613733906,9.232796852646638,21172.15,15252.076666666668,0.720383932036504,3,Late-Night Spender
538,167888.67,432.7027577319588,388,0.08762886597938144,11.062800687285224,33975.95,27981.445000000003,0.8235662284645464,1,High-Value Spender
539,308283.85,639.593049792531,482,0.14522821576763487,8.943118948824342,67006.87,51380.64166666666,0.7667966234904968,0,Frequent Spender
540,80356.85,154.2357965451056,521,0.40307101727447214,8.283493282149712,31025.62,13392.808333333334,0.43166932146185427,3,Late-Night Spender
541,73460.74,213.54866279069768,344,0.17732558139534885,12.514486434108528,37493.22,12243.456666666667,0.32655121823803523,2,Balanced Spender
542,149611.93,248.11265339966832,603,0.34328358208955223,7.159839690436705,47685.4,24935.321666666667,0.5229131278476571,3,Late-Night Spender
543,148474.01,333.6494606741573,445,0.20449438202247192,9.678464419475656,41430.72,24745.668333333335,0.5972782595458958,0,Frequent Spender
544,112570.59,351.78309375,320,0.15,13.4446875,50954.24,18761.765,0.36820812164012257,2,Balanced Spender
545,288672.14,496.8539414802066,581,0.17728055077452667,7.40837636259323,105776.24,48112.02333333334,0.4548471692067456,0,Frequent Spender
546,123514.76,234.81893536121672,526,0.12927756653992395,8.174397972116603,36849.7,20585.79333333333,0.5586420875430013,0,Frequent Spender
547,155032.46,218.66355430183356,709,0.19887165021156558,6.079172543488482,54991.53,25838.743333333332,0.46986769295804887,0,Frequent Spender
548,96948.46,249.22483290488432,389,0.44473007712082263,11.033718937446444,42258.07,16158.076666666668,0.38236665012544746,3,Late-Night Spender
549,102581.25,236.3623271889401,434,0.18202764976958524,9.902457757296467,48537.97,17096.875,0.35223712487357833,2,Balanced Spender
550,52358.36,132.2180808080808,396,0.2676767676767677,10.86780303030303,20000.0,8726.393333333333,0.43631966666666666,2,Balanced Spender
551,67121.6,180.43440860215054,372,0.15053763440860216,11.565456989247313,29888.77,11186.933333333334,0.3742855036635276,2,Balanced Spender
552,270418.52,779.3040922190203,347,0.3515850144092219,12.322190201729107,74726.28,45069.753333333334,0.6031312321894431,1,High-Value Spender
553,61264.3,167.847397260274,365,0.15342465753424658,11.771780821917808,27145.21,10210.716666666667,0.3761516918331694,2,Balanced Spender
554,145773.85,286.3926326129666,509,0.0550098231827112,8.445121152586772,57004.08,24295.641666666666,0.426208819906692,0,Frequent Spender
555,99367.28,187.1323540489642,531,0.0583804143126177,8.096578782172001,31626.36,16561.213333333333,0.5236522107929377,0,Frequent Spender
556,154918.52,487.16515723270436,318,0.5566037735849056,13.529926624737945,95405.36,25819.75333333333,0.27063210424795137,3,Late-Night Spender
557,177656.31,407.46860091743116,436,0.4380733944954128,9.896903669724772,68347.13,29609.385,0.43322060487397196,3,Late-Night Spender
558,242901.02,433.7518214285714,560,0.19285714285714287,7.702083333333334,83850.16,40483.503333333334,0.48280770523673816,0,Frequent Spender
559,184165.4,459.2653366583541,401,0.16957605985037408,10.704571903574395,48646.12,30694.233333333334,0.6309698149273433,2,Balanced Spender
560,117690.04,260.3761946902655,452,0.47345132743362833,9.551290560471976,26704.02,19615.006666666664,0.734533851707221,3,Late-Night Spender
561,247869.36,377.2745205479452,657,0.1095890410958904,6.564307458143075,75749.79,41311.56,0.5453686406259344,0,Frequent Spender
562,374583.4,1026.255890410959,365,0.16712328767123288,11.749908675799086,87795.65,62430.56666666667,0.7110895205704004,1,High-Value Spender
563,96733.0,192.31212723658052,503,0.16302186878727634,8.551027170311466,29370.51,16122.166666666666,0.5489236198713153,0,Frequent Spender
564,368403.78,1211.8545394736843,304,0.34539473684210525,14.065515350877194,131466.22,61400.630000000005,0.4670449184589015,1,High-Value Spender
565,60478.7,163.45594594594593,370,0.15945945945945947,11.615,25397.07,10079.783333333333,0.39688764622585726,2,Balanced Spender
566,359822.08,542.7180693815989,663,0.20512820512820512,6.499396681749624,125405.29,59970.34666666667,0.47821225617090535,0,Frequent Spender
567,116359.29,229.95907114624504,506,0.2075098814229249,8.49927536231884,32793.45,19393.215,0.5913746495108018,0,Frequent Spender
568,71931.34,160.5610267857143,448,0.060267857142857144,9.629724702380953,23146.91,11988.556666666665,0.51793335121909,2,Balanced Spender
569,135225.29,332.2488697788698,407,0.24815724815724816,10.593120393120392,46456.18,22537.548333333336,0.48513563390991976,2,Balanced Spender
570,142618.75,377.2982804232804,378,0.03439153439153439,11.348765432098764,75919.0,23769.791666666668,0.31309410907238855,2,Balanced Spender
571,323776.37,610.8988113207547,530,0.30566037735849055,8.129308176100627,83749.9,53962.72833333333,0.6443318539285818,3,Late-Night Spender
572,128414.05,235.19056776556778,546,0.14835164835164835,7.906135531135531,31591.97,21402.341666666667,0.6774614456352885,0,Frequent Spender
573,202585.52,394.1352529182879,514,0.0914396887159533,8.374254215304799,65230.73,33764.253333333334,0.5176126855139186,0,Frequent Spender
574,61795.26,111.34281081081082,555,0.04864864864864865,7.741171171171172,25090.72,10299.210000000001,0.410478854333395,0,Frequent Spender
575,155730.34,550.2838869257951,283,0.17314487632508835,15.204711425206126,70678.59,25955.056666666667,0.36722657691199934,2,Balanced Spender
576,85940.22,194.87578231292517,441,0.20408163265306123,9.753250188964476,29234.65,14323.37,0.4899449796730934,2,Balanced Spender
577,95602.62,173.5074773139746,551,0.14519056261343014,7.806836055656382,48325.14,15933.769999999999,0.32972010013835445,0,Frequent Spender
578,407274.64,606.9666766020864,671,0.18628912071535023,6.415747640337804,108121.63,67879.10666666667,0.6278032126103414,0,Frequent Spender
579,187407.84,363.19348837209304,516,0.05232558139534884,8.32548449612403,51948.67,31234.64,0.6012596665131177,0,Frequent Spender
580,120133.86,201.90564705882352,595,0.25882352941176473,7.2135574229691874,48429.15,20022.31,0.413435090229748,0,Frequent Spender
581,290001.06,601.6619502074689,482,0.13278008298755187,8.935615491009681,72767.54,48333.51,0.6642180015979653,0,Frequent Spender
582,258786.25,359.9252433936022,719,0.18915159944367177,5.990333796940195,56185.4,43131.041666666664,0.7676556839795866,0,Frequent Spender
583,137390.73,530.4661389961391,259,0.22393822393822393,16.572329472329475,50079.73,22898.455,0.4572399851197281,2,Balanced Spender
584,105481.43,131.8517875,800,0.06,5.380708333333334,56619.42,17580.23833333333,0.3104983825926393,0,Frequent Spender
585,137490.1,277.19778225806454,496,0.1532258064516129,8.69203629032258,34052.53,22915.016666666666,0.6729313994192698,0,Frequent Spender
586,63239.8,136.58704103671707,463,0.19870410367170627,9.255291576673866,20953.23,10539.966666666667,0.5030234797530818,0,Frequent Spender
587,232162.43,502.51608225108225,462,0.13203463203463203,9.338636363636363,79486.91,38693.738333333335,0.4867938423236396,2,Balanced Spender
588,176470.24,334.85814041745726,527,0.1555977229601518,8.18358633776091,67083.39,29411.706666666665,0.4384350085269493,0,Frequent Spender
589,136334.93,399.8091788856305,341,0.39589442815249265,12.583382209188661,44073.06,22722.48833333333,0.5155641186097206,3,Late-Night Spender
590,191634.46,339.17603539823006,565,0.08672566371681416,7.621622418879055,52955.57,31939.076666666664,0.6031296928097775,0,Frequent Spender
591,335241.07,598.6447678571428,560,0.15535714285714286,7.688928571428572,110792.73,55873.511666666665,0.5043066604340074,0,Frequent Spender
592,104044.29,179.38670689655171,580,0.3,7.4239080459770115,34295.84,17340.715,0.5056215272756113,3,Late-Night Spender
593,218503.76,344.6431545741325,634,0.18769716088328076,6.797371188222923,50924.33,36417.293333333335,0.7151256252823225,0,Frequent Spender
594,168256.14,647.139,260,0.13076923076923078,16.57519230769231,69843.77,28042.690000000002,0.40150596109001563,2,Balanced Spender
595,289647.16,841.9975581395348,344,0.23837209302325582,12.528149224806201,90052.75,48274.526666666665,0.5360694333783995,1,High-Value Spender
596,212207.55,280.6978174603174,756,0.1865079365079365,5.705511463844798,41522.24,35367.924999999996,0.8517826832078423,0,Frequent Spender
597,119113.14,287.0196144578313,415,0.23132530120481928,10.388835341365462,37818.34,19852.19,0.5249355207023894,2,Balanced Spender
598,260992.51,483.319462962963,540,0.3592592592592593,7.976111111111112,89755.13,43498.75166666667,0.4846380554143999,3,Late-Night Spender
599,305992.41,803.12968503937,381,0.2650918635170604,11.295888013998251,65892.58,50998.73499999999,0.7739677972846106,1,High-Value Spender
600,125752.1,279.4491111111111,450,0.17777777777777778,9.530222222222223,48971.39,20958.683333333334,0.42797811810800823,2,Balanced Spender
601,74843.56,163.05786492374727,459,0.25054466230936817,9.332643427741466,32834.66,12473.926666666666,0.37990119790083604,2,Balanced Spender
602,187415.5,388.0238095238095,483,0.06832298136645963,8.91183574879227,59605.04,31235.916666666668,0.5240482460319911,0,Frequent Spender
603,66054.63,179.49627717391306,368,0.41304347826086957,11.689538043478262,40249.44,11009.105000000001,0.2735219421686364,2,Balanced Spender
604,155725.21,328.53419831223624,474,0.1308016877637131,9.062834036568212,47452.7,25954.201666666664,0.5469488915628966,0,Frequent Spender
605,211791.71,920.8335217391304,230,0.15217391304347827,18.724057971014492,94469.62,35298.61833333333,0.37365047444176586,1,High-Value Spender
606,469275.27999999997,1352.3783285302593,347,0.08357348703170028,12.419404418828048,120765.79,78212.54666666666,0.6476382646663982,1,High-Value Spender
607,374073.1,1005.5728494623655,372,0.1586021505376344,11.571639784946235,118785.43,62345.51666666666,0.5248582815810547,1,High-Value Spender
608,91560.24,152.0934219269103,602,0.1345514950166113,7.156201550387596,20000.0,15260.04,0.7630020000000001,0,Frequent Spender
609,211291.24,432.97385245901637,488,0.2848360655737705,8.829200819672131,65905.41,35215.206666666665,0.5343295287392441,3,Late-Night Spender
610,200573.69,523.6910966057442,383,0.4725848563968668,11.17023498694517,64412.36,33428.948333333334,0.5189834425152771,3,Late-Night Spender
611,133461.99,264.80553571428567,504,0.19047619047619047,8.53561507936508,46416.68,22243.664999999997,0.4792170616252605,0,Frequent Spender
612,243438.48,985.5808906882592,247,0.012145748987854251,17.36578947368421,88146.83,40573.08,0.4602897234080908,1,High-Value Spender
613,273630.15,579.7248940677966,472,0.4915254237288136,9.08072033898305,79699.13,45605.025,0.5722148409901087,3,Late-Night Spender
614,82297.86,255.5834161490683,322,0.453416149068323,13.32820910973085,50555.47,13716.31,0.2713120855171557,2,Balanced Spender
615,218405.88,568.7653125,384,0.078125,11.182161458333333,48058.01,36400.98,0.7574383541890312,1,High-Value Spender
616,166649.02,534.1314743589743,312,0.22756410256410256,13.773611111111112,58801.74,27774.836666666666,0.47234719017951965,2,Balanced Spender
617,146854.69,337.5969885057471,435,0.09195402298850575,9.854865900383142,50111.86,24475.781666666666,0.4884229335464033,2,Balanced Spender
618,84651.54,348.3602469135802,243,0.12757201646090535,17.645610425240054,28708.68,14108.589999999998,0.49143987114698406,2,Balanced Spender
619,97696.24,175.39719928186716,557,0.06822262118491922,7.737103530819868,46198.74,16282.706666666667,0.35244915048909703,0,Frequent Spender
620,84211.9,125.87727952167413,669,0.09118086696562033,6.453687095166916,21260.44,14035.316666666666,0.6601611569029929,0,Frequent Spender
621,79869.89,120.28597891566265,664,0.05271084337349398,6.476782128514055,27503.57,13311.648333333333,0.48399710776940347,0,Frequent Spender
622,447231.09,1380.3428703703705,324,0.16358024691358025,13.22824074074074,133446.39,74538.515,0.5585652410679673,1,High-Value Spender
623,65345.71,266.7171836734694,245,0.17959183673469387,17.54204081632653,29785.69,10890.951666666666,0.3656437593578214,2,Balanced Spender
624,158594.44,489.48901234567904,324,0.2191358024691358,13.320576131687243,59588.09,26432.406666666666,0.4435853988048059,2,Balanced Spender
625,83282.88,133.46615384615384,624,0.27884615384615385,6.900160256410256,29452.43,13880.480000000001,0.4712847123310369,0,Frequent Spender
626,53998.65,148.75661157024794,363,0.1763085399449036,11.829889807162534,20652.11,8999.775,0.4357799275715653,2,Balanced Spender
627,212918.28,584.9403296703297,364,0.25824175824175827,11.820238095238095,73822.89,35486.38,0.4806961634799179,2,Balanced Spender
628,70334.29,115.68139802631578,608,0.15625,7.088212719298245,23671.28,11722.381666666666,0.49521536928576176,0,Frequent Spender
629,450305.5,1297.7103746397695,347,0.30835734870317005,12.378530259365993,122772.55,75050.91666666667,0.6113004630649658,1,High-Value Spender
630,253308.75,600.2577014218009,422,0.1872037914691943,10.198696682464456,61750.18,42218.125,0.6836923390344773,1,High-Value Spender
631,425465.63,1467.1228620689656,290,0.19655172413793104,14.87787356321839,97342.84,70910.93833333334,0.7284658875098913,1,High-Value Spender
632,385836.82,1062.911349862259,363,0.12672176308539945,11.867355371900825,123592.66,64306.136666666665,0.5203070851187009,1,High-Value Spender
633,434864.74,1081.7530845771144,402,0.03482587064676617,10.681840796019902,117065.05,72477.45666666667,0.6191212207799567,1,High-Value Spender
634,274425.43,479.76473776223776,572,0.15034965034965034,7.519347319347319,67004.51,45737.57166666666,0.6826043749393387,0,Frequent Spender
635,132401.73,307.911,430,0.018604651162790697,10.001007751937985,45738.8,22066.955,0.48245592363595025,2,Balanced Spender
636,87358.21,149.58597602739727,584,0.3253424657534247,7.359018264840183,27320.4,14559.701666666668,0.5329241763175747,3,Late-Night Spender
637,61842.96,94.996866359447,651,0.6052227342549923,6.632667690732207,20000.0,10307.16,0.515358,3,Late-Night Spender
638,120408.03,187.55144859813083,642,0.08566978193146417,6.696028037383178,48488.2,20068.005,0.4138739940851589,0,Frequent Spender
639,257665.49,384.5753582089552,670,0.13432835820895522,6.44639303482587,61386.0,42944.24833333333,0.6995772380238707,0,Frequent Spender
640,166336.73,325.5121917808219,511,0.11545988258317025,8.418851924331376,60604.18,27722.788333333334,0.457440201869464,0,Frequent Spender
641,152604.69,363.3445,420,0.02142857142857143,10.242103174603175,68409.71,25434.115,0.37179100744616517,2,Balanced Spender
642,163911.81,410.80654135338347,399,0.2932330827067669,10.810233918128654,63874.06,27318.635,0.4276952960247086,2,Balanced Spender
643,257672.25,492.68116634799236,523,0.04206500956022945,8.23514977692798,72026.42,42945.375,0.5962447529670363,0,Frequent Spender
644,328799.0,549.8311036789298,598,0.4180602006688963,7.204821627647715,134032.85,54799.833333333336,0.4088537499078273,3,Late-Night Spender
645,97899.38,150.8465023112481,649,0.2942989214175655,6.640677966101695,32351.75,16316.563333333334,0.5043487085963922,0,Frequent Spender
646,85533.64,157.52051565377533,543,0.289134438305709,7.929772866789442,20000.0,14255.606666666667,0.7127803333333333,0,Frequent Spender
647,66097.43000000001,121.27968807339451,545,0.29541284403669726,7.897125382262997,37995.06,11016.238333333335,0.28993870080303424,3,Late-Night Spender
648,202056.01,572.3966288951841,353,0.28895184135977336,12.20982058545798,44115.43,33676.00166666667,0.763361065882542,1,High-Value Spender
649,138521.4,328.2497630331753,422,0.04976303317535545,10.182148499210111,61686.72,23086.899999999998,0.37426045670769975,2,Balanced Spender
650,170654.51,395.033587962963,432,0.1087962962962963,9.98653549382716,89644.69,28442.418333333335,0.31727945440308103,2,Balanced Spender
651,122222.13,299.5640441176471,408,0.34068627450980393,10.535294117647059,40564.59,20370.355,0.502170858869768,3,Late-Night Spender
652,81708.83,153.29986866791745,533,0.25328330206378985,8.062226391494685,34589.88,13618.138333333334,0.3937029655301879,3,Late-Night Spender
653,320796.2,1336.6508333333334,240,0.2708333333333333,17.855486111111112,72461.06,53466.03333333333,0.7378588352603914,1,High-Value Spender
654,157456.17,343.0417647058824,459,0.30718954248366015,9.333841684822078,45295.52,26242.695000000003,0.5793662375440222,3,Late-Night Spender
655,251423.26,322.3375128205128,780,0.26666666666666666,5.521410256410256,66555.78,41903.87666666667,0.6296053726162727,0,Frequent Spender
656,99634.25,175.41241197183098,568,0.11795774647887323,7.570275821596245,46129.5,16605.708333333332,0.3599802367971327,0,Frequent Spender
657,189560.54,373.1506692913386,508,0.07086614173228346,8.465780839895013,60127.91,31593.423333333336,0.5254369116327731,0,Frequent Spender
658,161020.86,316.9701968503937,508,0.11023622047244094,8.47732939632546,66565.0,26836.809999999998,0.403166979643957,0,Frequent Spender
659,139265.56,336.39024154589373,414,0.10386473429951691,10.390418679549114,52130.21,23210.926666666666,0.44524905360378686,2,Balanced Spender
660,83166.66,229.1092561983471,363,0.14049586776859505,11.84040404040404,29180.26,13861.11,0.4750166722297883,2,Balanced Spender
661,289116.98,1184.9056557377048,244,0.13114754098360656,17.54678961748634,122410.89,48186.16333333333,0.3936427823809902,1,High-Value Spender
662,150971.35,295.4429549902153,511,0.32289628180039137,8.435909980430528,62004.14,25161.891666666666,0.40580986473913944,3,Late-Night Spender
663,137115.59,216.95504746835442,632,0.06329113924050633,6.810574894514767,38744.14,22852.59833333333,0.5898336711908777,0,Frequent Spender
664,308035.17,965.6274921630094,319,0.26332288401253917,13.501201671891327,99771.59,51339.195,0.5145672731085071,1,High-Value Spender
665,133653.41,307.24921839080463,435,0.27816091954022987,9.92624521072797,41142.45,22275.568333333333,0.5414254215131411,3,Late-Night Spender
666,197464.15,747.9702651515152,264,0.06818181818181818,16.267613636363635,65879.93,32910.691666666666,0.4995556562775138,1,High-Value Spender
667,125976.45,191.45357142857142,658,0.12006079027355623,6.547340425531915,43348.82,20996.075,0.4843517078434892,0,Frequent Spender
668,180814.24,410.0096145124716,441,0.23356009070294784,9.770408163265307,42701.79,30135.706666666665,0.7057246702460638,3,Late-Night Spender
669,121255.08,254.20352201257862,477,0.28721174004192873,9.013382250174702,34525.75,20209.18,0.5853364517787448,3,Late-Night Spender
670,169502.11,258.7818473282442,655,0.02748091603053435,6.587328244274809,39948.02,28250.351666666666,0.7071777691777131,0,Frequent Spender
671,147960.64,264.2154285714286,560,0.14285714285714285,7.680505952380952,51343.72,24660.10666666667,0.4802945066439804,0,Frequent Spender
672,137374.12,472.0760137457045,291,0.23711340206185566,14.837227949599082,36893.11,22895.686666666665,0.6205951915321496,1,High-Value Spender
673,148313.94,336.31278911564624,441,0.14058956916099774,9.785827664399093,51776.24,24718.99,0.4774195654222864,2,Balanced Spender
674,68661.94,211.9195679012346,324,0.27469135802469136,13.275154320987653,21790.93,11443.656666666668,0.5251568733719335,2,Balanced Spender
675,164105.93,588.1932974910394,279,0.14336917562724014,15.419414575866188,76355.37,27350.98833333333,0.3582064802165628,2,Balanced Spender
676,591546.04,905.8898009188362,653,0.2833078101071976,6.580678917815212,141454.91,98591.00666666667,0.6969783280528521,0,Frequent Spender
677,220793.05,462.87851153039827,477,0.19916142557651992,9.027428371767995,60583.68,36798.84166666667,0.607405190088596,0,Frequent Spender
678,129607.23,204.4278075709779,634,0.16876971608832808,6.804968454258676,62585.36,21601.204999999998,0.3451478908166382,0,Frequent Spender
679,344189.73,898.6677023498694,383,0.06527415143603134,11.235422106179287,95446.39,57364.954999999994,0.6010175450323474,1,High-Value Spender
680,417567.23,676.7702269043759,617,0.03889789303079417,6.961588330632091,99518.56,69594.53833333333,0.699312151756751,0,Frequent Spender
681,111616.68,446.46671999999995,250,0.34,17.239399999999996,41362.7,18602.78,0.4497477195637616,2,Balanced Spender
682,202930.11,542.5938770053475,374,0.22994652406417113,11.532932263814617,61795.64,33821.685,0.5473150694773935,2,Balanced Spender
683,213828.74,418.4515459882583,511,0.324853228962818,8.432583170254404,86365.86,35638.12333333333,0.4126413299576167,3,Late-Night Spender
684,199930.44,312.3913125,640,0.26875,6.743125000000001,72585.23,33321.74,0.4590705299135926,0,Frequent Spender
685,77157.66,193.3775939849624,399,0.38847117794486213,10.769340016708437,26459.25,12859.61,0.4860156655989871,3,Late-Night Spender
686,72975.84,180.18725925925926,405,0.36049382716049383,10.624691358024691,46794.54,12162.64,0.2599157935947228,2,Balanced Spender
687,294003.15,536.502098540146,548,0.15693430656934307,7.8287712895377135,101666.21,49000.525,0.48197454198400824,0,Frequent Spender
688,206147.22,331.42639871382636,622,0.4662379421221865,6.907529474812433,67899.38,34357.87,0.5060115423734355,3,Late-Night Spender
689,197460.26,398.10536290322585,496,0.2661290322580645,8.686424731182795,48408.96,32910.043333333335,0.6798337194877423,3,Late-Night Spender
690,56828.2,127.99144144144144,444,0.09684684684684684,9.673385885885887,27501.76,9471.366666666667,0.34439129229062676,2,Balanced Spender
691,149300.6,188.0360201511335,794,0.1385390428211587,5.434382871536523,29335.55,24883.433333333334,0.8482347640774874,0,Frequent Spender
692,206338.47,574.7589693593314,359,0.2618384401114206,11.99405756731662,53014.4,34389.745,0.6486868662099354,1,High-Value Spender
693,169569.53,433.6816624040921,391,0.16112531969309463,10.986615515771526,42853.51,28261.588333333333,0.6594929641313706,2,Balanced Spender
694,135244.92,552.0200816326532,245,0.3877551020408163,17.544013605442174,47712.74,22540.820000000003,0.4724276996039214,1,High-Value Spender
695,103529.84,116.85083521444695,886,0.18058690744920994,4.867964635063958,26998.15,17254.97333333333,0.6391168777613774,0,Frequent Spender
696,68836.16,101.37873343151695,679,0.18556701030927836,6.348036327933235,22881.01,11472.693333333335,0.5014067706510043,0,Frequent Spender
697,122095.48,351.8601729106628,347,0.37752161383285304,12.38117195004803,36442.91,20349.246666666666,0.5583869857447351,3,Late-Night Spender
698,223403.05,512.3923165137614,436,0.44954128440366975,9.836467889908256,91341.03,37233.84166666667,0.40763544780113237,3,Late-Night Spender
699,87957.36,184.01121338912134,478,0.2698744769874477,9.00170850767085,32715.55,14659.56,0.4480915038872952,3,Late-Night Spender
700,107521.82,296.2033608815427,363,0.06060606060606061,11.8133608815427,51582.46,17920.303333333333,0.34741079299694766,2,Balanced Spender
701,193873.45,299.64984544049463,647,0.13601236476043277,6.643456980937661,59882.45,32312.24166666667,0.5395945167017493,0,Frequent Spender
702,175871.32,289.26203947368424,608,0.34868421052631576,7.101726973684211,42802.55,29311.88666666667,0.6848163641340683,3,Late-Night Spender
703,80306.27,176.11024122807018,456,0.1206140350877193,9.444700292397659,33364.87,13384.378333333334,0.4011518202628493,2,Balanced Spender
704,93777.09,137.90748529411763,680,0.05588235294117647,6.3380882352941175,36585.09,15629.515,0.42720996449646564,0,Frequent Spender
705,71394.78,173.70992700729926,411,0.08029197080291971,10.453771289537713,20000.0,11899.13,0.5949565,2,Balanced Spender
706,136806.99,345.47219696969694,396,0.14393939393939395,10.835774410774409,52487.26,22801.164999999997,0.43441332239480585,2,Balanced Spender
707,165737.86,516.3173208722741,321,0.13707165109034267,13.374662512980269,58381.61,27622.976666666666,0.4731451679161754,2,Balanced Spender
708,108510.84,200.57456561922365,541,0.42513863216266173,7.94109673444239,30853.72,18085.14,0.5861575200656517,3,Late-Night Spender
709,221667.73,482.9362309368192,459,0.16993464052287582,9.37995642701525,56553.81,36944.621666666666,0.6532649465467785,0,Frequent Spender
710,168159.48,469.719217877095,358,0.18994413407821228,12.008612662942271,38415.29,28026.58,0.7295683567662772,1,High-Value Spender
711,79930.87,296.04025925925924,270,0.35185185185185186,15.89611111111111,33409.51,13321.811666666666,0.3987431023881124,2,Balanced Spender
712,76914.35,135.6514109347443,567,0.03880070546737213,7.571928277483834,21697.81,12819.058333333334,0.5907996398407642,0,Frequent Spender
713,139058.41,264.3696007604563,526,0.25475285171102663,8.197053231939163,47906.03,23176.40166666667,0.4837888187910096,3,Late-Night Spender
714,74387.89,161.71280434782608,460,0.0391304347826087,9.369855072463768,32871.73,12397.981666666667,0.377162433089669,2,Balanced Spender
715,49185.26,114.11893271461717,431,0.09048723897911833,9.97180974477958,20000.0,8197.543333333333,0.4098771666666666,2,Balanced Spender
716,134150.94,368.5465384615385,364,0.3983516483516483,11.840521978021977,38469.63,22358.49,0.5811984674664145,3,Late-Night Spender
717,191066.31,324.39101867572157,589,0.15959252971137522,7.297934352009055,67082.39,31844.385,0.4747055821952676,0,Frequent Spender
718,71232.65,147.17489669421485,484,0.3677685950413223,8.887500000000001,26569.28,11872.108333333332,0.44683590723321565,3,Late-Night Spender
719,73800.96,136.92200371057515,539,0.3042671614100185,7.974273345701917,20000.0,12300.160000000002,0.6150080000000001,3,Late-Night Spender
720,365701.84,1104.839395770393,331,0.15709969788519637,13.026233635448136,87960.51,60950.30666666667,0.6929280726847385,1,High-Value Spender
721,269069.93,323.7905294825511,831,0.35980746089049337,5.188387484957882,72632.45,44844.988333333335,0.6174235941832243,0,Frequent Spender
722,144949.85,306.4478858350951,473,0.07610993657505286,9.09291754756871,45849.2,24158.308333333334,0.5269079576815591,0,Frequent Spender
723,99243.18,166.2364824120603,597,0.3852596314907873,7.2150474595198215,34764.7,16540.53,0.47578520740866453,3,Late-Night Spender
724,113621.03,203.621917562724,558,0.06630824372759857,7.707885304659499,22981.6,18936.838333333333,0.8239999970991286,0,Frequent Spender
725,144186.69,323.28854260089685,446,0.02466367713004484,9.649476831091182,43882.59,24031.115,0.5476229867015598,0,Frequent Spender
726,112222.35,370.37079207920794,303,0.18811881188118812,14.173267326732674,52783.06,18703.725000000002,0.35435090349062753,2,Balanced Spender
727,87684.69,196.60244394618834,446,0.33408071748878926,9.66244394618834,32627.79,14614.115,0.44790391871469076,3,Late-Night Spender
728,97886.16,270.4037569060774,362,0.23756906077348067,11.87780847145488,28063.18,16314.36,0.5813439531799318,2,Balanced Spender
729,204239.34,346.7560950764007,589,0.400679117147708,7.31576117713639,69163.84,34039.89,0.49216310141253006,3,Late-Night Spender
730,136003.96,266.15256360078274,511,0.16634050880626222,8.424527071102414,55321.61,22667.326666666664,0.4097372919310675,0,Frequent Spender
731,138372.37,349.42517676767676,396,0.05555555555555555,10.871927609427608,35365.31,23062.061666666665,0.6521096992127785,2,Balanced Spender
732,103135.05,412.5402,250,0.204,17.218466666666668,39055.08,17189.175,0.44012648290568085,2,Balanced Spender
733,193634.49,583.2364156626505,332,0.12349397590361445,12.941315261044176,81193.07,32272.414999999997,0.3974774571278065,2,Balanced Spender
734,252268.01,373.7303851851852,675,0.3585185185185185,6.394320987654321,83638.92,42044.668333333335,0.5026926260326333,3,Late-Night Spender
735,83035.54,146.96555752212387,565,0.11327433628318584,7.629852507374632,26807.83,13839.256666666666,0.516239347484174,0,Frequent Spender
736,179867.93,230.01014066496163,782,0.4053708439897698,5.522549019607843,58689.32,29977.98833333333,0.5107912024425114,3,Late-Night Spender
737,74873.17,165.64860619469027,452,0.29867256637168144,9.530088495575223,26875.72,12478.861666666666,0.4643172970497782,3,Late-Night Spender
738,181926.56,530.3981341107872,343,0.15160349854227406,12.558503401360545,75235.15,30321.093333333334,0.40301764977318894,2,Balanced Spender
739,82340.9,169.42572016460903,486,0.12139917695473251,8.826508916323732,38514.29,13723.483333333332,0.35632185698693475,2,Balanced Spender
740,252949.11,520.4714197530864,486,0.1831275720164609,8.851474622770919,103124.98,42158.185,0.4088067217079703,2,Balanced Spender
741,62452.6,130.65397489539748,478,0.40376569037656906,9.01942119944212,22183.35,10408.766666666666,0.469215274819478,3,Late-Night Spender
742,168953.84,407.11768674698794,415,0.21927710843373494,10.316224899598394,52817.14,28158.97333333333,0.5331408200696466,2,Balanced Spender
743,420431.97,951.2035520361991,442,0.17194570135746606,9.743024132730016,112144.45,70071.995,0.6248369402141613,1,High-Value Spender
744,195023.29,532.850519125683,366,0.13387978142076504,11.759517304189435,56671.98,32503.881666666668,0.5735441335677114,2,Balanced Spender
745,222917.4,468.3138655462185,476,0.03991596638655462,9.041841736694678,73594.7,37152.9,0.5048311902895182,0,Frequent Spender
746,406117.77,796.3093529411765,510,0.041176470588235294,8.437712418300654,106871.87,67686.295,0.6333406068406963,0,Frequent Spender
747,49258.12,94.18378585086043,523,0.3365200764818356,8.228266411727214,20000.0,8209.686666666666,0.41048433333333334,3,Late-Night Spender
748,228394.55,525.0449425287356,435,0.19540229885057472,9.885977011494251,77292.03,38065.75833333333,0.49249267140911335,2,Balanced Spender
749,294759.3,701.8078571428571,420,0.007142857142857143,10.263095238095238,88572.92,49126.549999999996,0.5546452572637325,1,High-Value Spender
750,194186.1,366.3888679245283,530,0.3018867924528302,8.107358490566037,56399.87,32364.350000000002,0.573837315582465,3,Late-Night Spender
751,82701.17,123.98976011994003,667,0.1199400299850075,6.469165417291355,45928.93,13783.528333333334,0.30010558341623317,0,Frequent Spender
752,237798.62,567.5384725536993,419,0.18138424821002386,10.247891805887033,76587.26,39633.10333333333,0.5174895058699494,2,Balanced Spender
753,164972.21,377.51077803203657,437,0.15102974828375287,9.830968726163233,43232.67,27495.368333333332,0.63598589523463,0,Frequent Spender
754,81269.7,138.44923339011925,587,0.04088586030664395,7.340829074389552,26988.36,13544.949999999999,0.5018811813685603,0,Frequent Spender
755,155286.31,294.10285984848485,528,0.14772727272727273,8.146875,58869.76,25881.051666666666,0.43963236246702325,0,Frequent Spender
756,351957.13,782.1269555555556,450,0.015555555555555555,9.534703703703704,87902.59,58659.52166666667,0.6673241558259736,1,High-Value Spender
757,204704.2,418.61799591002045,489,0.5725971370143149,8.82651670074983,94627.01,34117.36666666667,0.36054575397306404,3,Late-Night Spender
758,159653.18,349.35050328227567,457,0.06783369803063458,9.420386579139315,44405.9,26608.86333333333,0.5992190977625345,0,Frequent Spender
759,139819.35,413.6667159763314,338,0.26627218934911245,12.742061143984222,53889.03,23303.225000000002,0.43242984703936965,2,Balanced Spender
760,120598.28,219.66899817850637,549,0.07832422586520947,7.84669095324833,44047.07,20099.713333333333,0.45632350422703105,0,Frequent Spender
761,126016.4,180.02342857142855,700,0.32285714285714284,6.167428571428571,47615.12,21002.733333333334,0.4410937814150911,0,Frequent Spender
762,178058.03,403.7597052154195,441,0.24263038548752835,9.720256991685563,73524.34,29676.338333333333,0.4036260418431955,2,Balanced Spender
763,250949.09,702.9386274509803,357,0.01680672268907563,12.068720821661996,53635.94,41824.848333333335,0.7797914669405129,1,High-Value Spender
764,45207.17,114.73901015228427,394,0.16751269035532995,10.941285956006768,20000.0,7534.528333333333,0.3767264166666666,2,Balanced Spender
765,92919.94,304.65554098360656,305,0.013114754098360656,14.13103825136612,32061.72,15486.656666666668,0.4830263836957801,2,Balanced Spender
766,61974.51,174.08570224719102,356,0.10674157303370786,12.069756554307116,26127.01,10329.085000000001,0.39534125795489045,2,Balanced Spender
767,75364.5,174.05196304849883,433,0.13856812933025403,9.948036951501155,21545.29,12560.75,0.5829928490171169,2,Balanced Spender
768,200639.82,426.8932340425532,470,0.10851063829787234,9.17950354609929,64954.01,33439.97,0.5148253356490231,0,Frequent Spender
769,101131.89,208.0903086419753,486,0.16666666666666666,8.8389231824417,46951.16,16855.315,0.35899677452058687,2,Balanced Spender
770,128385.45,260.41673427991884,493,0.3630831643002028,8.751521298174442,44540.88,21397.575,0.4804030589427062,3,Late-Night Spender
771,293789.28,576.057411764706,510,0.03529411764705882,8.448790849673202,92101.49,48964.880000000005,0.5316404761747069,0,Frequent Spender
772,101086.13,173.6875085910653,582,0.3694158075601375,7.418470790378008,29178.52,16847.688333333335,0.5774003730598172,3,Late-Night Spender
773,72064.39,305.3575847457627,236,0.038135593220338986,18.199646892655366,20000.0,12010.731666666667,0.6005365833333334,2,Balanced Spender
774,149953.25,281.33818011257034,533,0.11069418386491557,8.061694809255785,40754.36,24992.208333333332,0.613240113041484,0,Frequent Spender
775,113574.68,269.7735866983373,421,0.171021377672209,10.179691211401424,43982.59,18929.11333333333,0.43037741372969013,2,Balanced Spender
776,184439.8,401.8296296296296,459,0.04793028322440087,9.383260711692085,65514.22,30739.966666666664,0.46921060292966416,2,Balanced Spender
777,616288.92,1167.2138636363636,528,0.054924242424242424,8.160195707070706,183189.75,102714.82,0.5607017859896638,1,High-Value Spender
778,56217.63,171.91935779816512,327,0.12232415902140673,13.160244648318042,24949.04,9369.605,0.37554972055036984,2,Balanced Spender
779,140614.0,172.11015911872704,817,0.07833537331701346,5.268359853121175,79344.78,23435.666666666668,0.2953649460829896,0,Frequent Spender
780,170889.44,384.88612612612616,444,0.2635135135135135,9.668168168168169,63722.02,28481.573333333334,0.44696595201051903,3,Late-Night Spender
781,230380.8,455.298023715415,506,0.15217391304347827,8.498320158102766,87783.49,38396.799999999996,0.43740343429043427,0,Frequent Spender
782,353711.29,800.2517873303167,442,0.17647058823529413,9.735294117647058,105451.87,58951.88166666666,0.5590406473272277,1,High-Value Spender
783,135697.81,341.8080856423174,397,0.13602015113350127,10.804072208228378,46089.49,22616.301666666666,0.49070409906177453,2,Balanced Spender
784,265876.67,418.70341732283464,635,0.2551181102362205,6.774645669291338,102935.83,44312.77833333333,0.43048934791057036,0,Frequent Spender
785,203110.2,548.9464864864865,370,0.07027027027027027,11.609684684684684,70363.23,33851.700000000004,0.4810992900695435,2,Balanced Spender
786,476632.04,1238.0052987012987,385,0.34545454545454546,11.158961038961039,121663.38,79438.67333333332,0.6529382410165928,1,High-Value Spender
787,192745.88,386.26428857715433,499,0.23847695390781562,8.652672010688043,52750.77,32124.313333333335,0.6089828325412755,0,Frequent Spender
788,169084.57,307.42649090909094,550,0.22181818181818183,7.846787878787879,43423.24,28180.76166666667,0.6489787880099843,0,Frequent Spender
789,382575.46,861.6564414414415,444,0.30405405405405406,9.678003003003003,152876.27,63762.57666666667,0.41708616168269064,3,Late-Night Spender
790,145061.43,277.89545977011494,522,0.18199233716475097,8.248946360153257,56331.19,24176.905,0.4291921580211602,0,Frequent Spender
791,152225.82,390.3226153846154,390,0.038461538461538464,11.002179487179486,61235.02,25370.97,0.4143212495072265,2,Balanced Spender
792,157339.46,385.635931372549,408,0.15196078431372548,10.53484477124183,54770.78,26223.243333333332,0.478781630156323,2,Balanced Spender
793,150498.16,231.89238828967643,649,0.02465331278890601,6.635233692860811,39101.7,25083.02666666667,0.6414817429080237,0,Frequent Spender
794,210953.8,370.74481546572935,569,0.0351493848857645,7.562536613942589,64624.95,35158.96666666667,0.5440463267927739,0,Frequent Spender
795,137584.49,265.0953564547206,519,0.26204238921001927,8.289563262684648,48953.97,22930.748333333333,0.4684144786078296,3,Late-Night Spender
796,124850.81999999999,227.82996350364962,548,0.08576642335766424,7.846259124087592,29094.51,20808.469999999998,0.7152026275747555,0,Frequent Spender
797,269894.72,908.7364309764309,297,0.12457912457912458,14.449158249158248,99790.91,44982.45333333333,0.45076704214174745,1,High-Value Spender
798,104116.39,222.94730192719487,467,0.010706638115631691,9.20728051391863,44087.52,17352.731666666667,0.3935973642125179,2,Balanced Spender
799,65973.52,112.19986394557824,588,0.20408163265306123,7.329761904761904,20000.0,10995.586666666668,0.5497793333333334,0,Frequent Spender
800,288391.67,858.3085416666667,336,0.08035714285714286,12.782638888888888,105030.39,48065.27833333333,0.45763210374952745,1,High-Value Spender
801,88792.53,197.75619153674833,449,0.0801781737193764,9.576095025983667,27632.14,14798.755,0.5355631159946352,0,Frequent Spender
802,179899.98,386.88167741935484,465,0.1010752688172043,9.274193548387096,52757.57,29983.33,0.5683228018273018,0,Frequent Spender
803,290362.08,547.8529811320755,530,0.33773584905660375,8.10685534591195,87092.24,48393.68,0.5556600679922803,3,Late-Night Spender
804,163057.85,235.63273121387283,692,0.3930635838150289,6.241498073217727,49746.1,27176.308333333334,0.5463002794858961,3,Late-Night Spender
805,83432.29,301.19960288808664,277,0.08303249097472924,15.514380264741277,33035.08,13905.381666666666,0.4209277430739282,2,Balanced Spender
806,95962.43,198.67997929606625,483,0.39337474120082816,8.909903381642513,28781.64,15993.738333333333,0.5556923904730006,3,Late-Night Spender
807,88226.1,180.42147239263804,489,0.21881390593047034,8.829107021131561,40184.51,14704.35,0.36592084860559454,2,Balanced Spender
808,220085.25,470.26762820512823,468,0.17307692307692307,9.218055555555557,64595.23,36680.875,0.5678573324996288,0,Frequent Spender
809,85070.45,142.97554621848738,595,0.4235294117647059,7.249271708683473,33350.47,14178.408333333333,0.425133688770603,3,Late-Night Spender
810,53247.22,218.22631147540983,244,0.28688524590163933,17.6474043715847,31556.23,8874.536666666667,0.28122930612011215,2,Balanced Spender
811,108983.96,235.38652267818577,463,0.08423326133909287,9.262742980561555,31338.29,18163.993333333336,0.5796102254887977,0,Frequent Spender
812,168801.15,274.92043973941367,614,0.46416938110749184,7.0309989142236695,54201.39,28133.524999999998,0.5190554153684989,3,Late-Night Spender
813,146314.72,235.99148387096776,620,0.06129032258064516,6.939623655913978,63481.98,24385.786666666667,0.38413714674095967,0,Frequent Spender
814,196542.28,478.20506082725063,411,0.031630170316301706,10.451175993511761,70933.97,32757.046666666665,0.46179632504238327,2,Balanced Spender
815,123424.62,292.4754028436019,422,0.18009478672985782,10.20252764612954,38401.82,20570.77,0.5356717468078336,2,Balanced Spender
816,183129.88,285.2490342679128,642,0.3052959501557632,6.709190031152648,61681.4,30521.646666666667,0.49482739799464126,0,Frequent Spender
817,153906.07,312.81721544715447,492,0.2032520325203252,8.737195121951219,44035.79,25651.01166666667,0.5825037240541538,0,Frequent Spender
818,158121.09,274.0400173310225,577,0.1438474870017331,7.469815135759676,64066.09,26353.515,0.41134888987294216,0,Frequent Spender
819,81785.92,126.21283950617284,648,0.11419753086419752,6.648791152263375,45631.66,13630.986666666666,0.2987177469911606,0,Frequent Spender
820,40526.91,132.00947882736156,307,0.28013029315960913,13.972475570032573,20000.0,6754.485000000001,0.33772425,2,Balanced Spender
821,372220.83,901.2610895883778,413,0.39951573849878935,10.44414850686037,81961.22,62036.805,0.7569043628193919,1,High-Value Spender
822,119819.53,174.4097962154294,687,0.20232896652110627,6.2707666181465305,33596.16,19969.921666666665,0.5944108394133931,0,Frequent Spender
823,170113.22,415.9247432762836,409,0.13202933985330073,10.51919315403423,58130.44,28352.203333333335,0.48773419456885814,2,Balanced Spender
824,228586.62,831.2240727272728,275,0.06909090909090909,15.618727272727272,52874.18,38097.77,0.7205363752213273,1,High-Value Spender
825,128899.02,233.51271739130436,552,0.2210144927536232,7.7962258454106275,55649.15,21483.170000000002,0.38604668714616486,0,Frequent Spender
826,60316.88,168.48290502793296,358,0.38268156424581007,12.036080074487897,20000.0,10052.813333333334,0.5026406666666666,3,Late-Night Spender
827,136794.21,169.29976485148515,808,0.125,5.324773102310232,54681.85,22799.035,0.4169397158289268,0,Frequent Spender
828,238285.54,524.8580176211453,454,0.17400881057268722,9.503230543318647,58339.66,39714.25666666667,0.6807419972393851,0,Frequent Spender
829,86168.39,155.8198734177215,553,0.3037974683544304,7.768927064496684,21839.54,14361.398333333333,0.6575870340370417,3,Late-Night Spender
830,245547.7,687.8086834733894,357,0.12044817927170869,12.02563025210084,77768.38,40924.61666666667,0.526237227349556,1,High-Value Spender
831,319712.37,604.3712098298677,529,0.1285444234404537,8.143478260869564,67815.58,53285.395,0.7857397223469886,0,Frequent Spender
832,95975.59,260.09644986449865,369,0.14363143631436315,11.698599819331525,35559.12,15995.931666666665,0.44984048161671786,2,Balanced Spender
833,422305.17,951.1377702702703,444,0.04279279279279279,9.67759009009009,138848.08,70384.19499999999,0.5069151478363979,1,High-Value Spender
834,147832.68,385.9861096605744,383,0.2584856396866841,11.241818973020017,38302.06,24638.78,0.6432755836109076,3,Late-Night Spender
835,365606.75,821.588202247191,445,0.05393258426966292,9.656891385767791,114435.99,60934.458333333336,0.5324763506072987,1,High-Value Spender
836,66082.31,104.72632329635499,631,0.10301109350237718,6.830295826730058,20540.4,11013.718333333332,0.5361978507396804,0,Frequent Spender
837,253392.53,636.664648241206,398,0.1984924623115578,10.785343383584589,65235.36,42232.08833333333,0.6473803215515839,1,High-Value Spender
838,113905.88,236.3192531120332,482,0.11618257261410789,8.911998616874135,64048.38,18984.313333333335,0.296405831550046,2,Balanced Spender
839,199768.72,654.9794098360655,305,0.2721311475409836,14.104918032786886,61588.64,33294.78666666667,0.5405994785185493,1,High-Value Spender
840,306247.93,727.4297624703088,421,0.1995249406175772,10.241884402216943,137856.08,51041.32166666666,0.3702507837642465,2,Balanced Spender
841,175283.64,333.23885931558937,526,0.22813688212927757,8.203326996197719,66519.83,29213.940000000002,0.4391764079974348,0,Frequent Spender
842,181362.47,332.7751743119266,545,0.3541284403669725,7.91730886850153,57863.86,30227.078333333335,0.5223826812337327,3,Late-Night Spender
843,95563.37,163.63590753424657,584,0.21404109589041095,7.392437214611872,33559.7,15927.228333333333,0.47459388294094806,0,Frequent Spender
844,290705.17,745.3978717948718,390,0.40512820512820513,10.998205128205129,75756.0,48450.861666666664,0.6395646769452804,1,High-Value Spender
845,87796.69,210.54362110311752,417,0.2278177458033573,10.321103117505995,23998.13,14632.781666666668,0.6097467455450348,3,Late-Night Spender
846,106534.78,182.4225684931507,584,0.07191780821917808,7.345034246575342,48869.87,17755.796666666665,0.3633280928855891,0,Frequent Spender
847,152435.62,248.26648208469055,614,0.09446254071661238,6.999267100977199,60217.96,25405.936666666665,0.421899656957271,0,Frequent Spender
848,127251.8,276.634347826087,460,0.13260869565217392,9.374347826086955,74288.6,21208.633333333335,0.28548974315484926,2,Balanced Spender
849,335987.99,519.3013755795981,647,0.125193199381762,6.643869139618753,109965.95,55997.99833333333,0.509230342058913,0,Frequent Spender
850,185407.01,628.4983389830509,295,0.23728813559322035,14.611299435028247,45984.85,30901.168333333335,0.6719858460630693,1,High-Value Spender
851,159920.84,329.73369072164945,485,0.09072164948453608,8.874089347079037,67555.33,26653.47333333333,0.39454286335857336,2,Balanced Spender
852,211856.64,571.0421563342319,371,0.08355795148247978,11.583288409703503,59967.59,35309.44,0.5888087215110697,1,High-Value Spender
853,67283.24,143.15582978723404,470,0.20638297872340425,9.11336879432624,35619.45,11213.873333333335,0.31482443814638733,2,Balanced Spender
854,107330.68,226.43603375527425,474,0.1308016877637131,9.090365682137833,41667.47,17888.446666666667,0.42931444281754244,2,Balanced Spender
855,438857.29,1108.2254797979797,396,0.5151515151515151,10.898148148148149,143713.76,73142.88166666667,0.5089483544697924,1,High-Value Spender
856,98594.92,337.65383561643836,292,0.4486301369863014,14.70753424657534,28300.94,16432.486666666668,0.5806339530300643,3,Late-Night Spender
857,147385.33,338.03974770642196,436,0.21559633027522937,9.861697247706422,41154.48,24564.221666666665,0.5968784362399103,3,Late-Night Spender
858,184890.79,429.97858139534884,430,0.23255813953488372,10.020658914728681,42600.0,30815.131666666668,0.7233598982785603,3,Late-Night Spender
859,243189.29,420.01604490500864,579,0.13989637305699482,7.440500863557859,89045.33,40531.54833333333,0.4551788210940802,0,Frequent Spender
860,85034.93,122.70552669552669,693,0.0836940836940837,6.21996151996152,32443.85,14172.488333333333,0.43683127413464595,0,Frequent Spender
861,223477.17,322.01321325648416,694,0.14553314121037464,6.211095100864553,61456.43,37246.195,0.6060585523760492,0,Frequent Spender
862,175729.71,436.05387096774194,403,0.13895781637717122,10.701240694789083,82059.03,29288.285,0.35691727040887516,2,Balanced Spender
863,139083.13,288.5542116182573,482,0.22614107883817428,8.891562932226833,31718.56,23180.521666666667,0.7308188539034138,0,Frequent Spender
864,91300.28,146.54940609951845,623,0.11717495987158909,6.893606206527554,33893.72,15216.713333333333,0.4489537688201039,0,Frequent Spender
865,95439.09,258.64252032520324,369,0.1978319783197832,11.658310749774165,38709.69,15906.515,0.4109181706182612,2,Balanced Spender
866,140744.52,273.82202334630347,514,0.07198443579766536,8.374254215304799,60312.88,23457.42,0.3889288656088053,0,Frequent Spender
867,181601.31,360.3200595238095,504,0.25396825396825395,8.542427248677248,48686.04,30266.885,0.6216748168468825,3,Late-Night Spender
868,147217.15,396.81172506738545,371,0.22371967654986524,11.606244384546272,57005.42,24536.191666666666,0.4304185754032979,2,Balanced Spender
869,97847.38,214.57758771929826,456,0.1600877192982456,9.413084795321637,33538.03,16307.896666666667,0.48625088195897814,2,Balanced Spender
870,73690.98,145.34710059171596,507,0.33136094674556216,8.483629191321498,22423.33,12281.83,0.5477255162368836,3,Late-Night Spender
871,147558.68,323.593596491228,456,0.08114035087719298,9.440972222222221,54766.92,24593.11333333333,0.4490505095655066,2,Balanced Spender
872,44494.92,133.2183233532934,334,0.40718562874251496,12.897305389221556,20000.0,7415.82,0.370791,2,Balanced Spender
873,189597.83,368.1511262135922,515,0.3533980582524272,8.382653721682848,41553.2,31599.638333333332,0.7604622106921569,3,Late-Night Spender
874,84617.45,140.56054817275748,602,0.37375415282392027,7.162901439645625,24538.29,14102.908333333333,0.5747306896011635,3,Late-Night Spender
875,167405.57,435.95200520833333,384,0.09114583333333333,11.170616319444443,56948.46,27900.928333333333,0.48993297331189173,2,Balanced Spender
876,129714.12,332.6003076923077,390,0.08717948717948718,11.008931623931625,49019.51,21619.02,0.44102888829366105,2,Balanced Spender
877,89639.28,137.6947465437788,651,0.0706605222734255,6.609933435739888,20000.0,14939.88,0.7469939999999999,0,Frequent Spender
878,247829.29,640.3857622739018,387,0.25064599483204136,11.102110249784667,66668.76,41304.88166666667,0.6195537710115903,1,High-Value Spender
879,51185.98,123.04322115384616,416,0.13701923076923078,10.359455128205127,20000.0,8530.996666666668,0.4265498333333334,2,Balanced Spender
880,195730.88,410.3372746331237,477,0.20754716981132076,9.028511530398323,72440.87,32621.813333333335,0.4503233234682761,2,Balanced Spender
881,87154.92,197.18307692307692,442,0.1425339366515837,9.727978883861237,23792.35,14525.82,0.6105248115465686,0,Frequent Spender
882,340320.66,547.1393247588423,622,0.2315112540192926,6.941747052518756,122996.63,56720.10999999999,0.4611517404989063,0,Frequent Spender
883,297198.02,1080.7200727272727,275,0.01090909090909091,15.658060606060605,69844.5,49533.003333333334,0.7091897477014415,1,High-Value Spender
884,150407.24,299.0203578528827,503,0.07554671968190854,8.549436713055004,53608.68,25067.873333333333,0.46760847932337324,0,Frequent Spender
885,167641.38,386.2704608294931,434,0.02304147465437788,9.892357910906297,42480.85,27940.23,0.6577135344514058,0,Frequent Spender
886,61003.99,112.55348708487084,542,0.15498154981549817,7.921832718327183,27512.58,10167.331666666667,0.3695520982280348,0,Frequent Spender
887,71542.31999999999,127.29950177935942,562,0.3487544483985765,7.682502965599051,30522.39,11923.72,0.39065486025176926,3,Late-Night Spender
888,261129.5,733.5098314606741,356,0.4747191011235955,12.038576779026219,70388.79,43521.583333333336,0.6183027628878596,3,Late-Night Spender
889,82053.41,254.0353250773994,323,0.13622291021671826,13.304024767801858,33075.58,13675.568333333335,0.4134642032984254,2,Balanced Spender
890,75144.91,177.22856132075472,424,0.18632075471698112,10.142177672955974,46119.25,12524.151666666667,0.27156017642669095,2,Balanced Spender
891,74718.63,175.8085411764706,425,0.5035294117647059,10.159882352941176,25152.63,12453.105000000001,0.495101506283836,3,Late-Night Spender
892,103611.76,165.2500159489633,627,0.09409888357256778,6.84457735247209,28421.84,17268.626666666667,0.6075829948612288,0,Frequent Spender
893,98143.59,192.43841176470588,510,0.1568627450980392,8.429411764705883,27339.58,16357.265,0.5982997909989838,0,Frequent Spender
894,229509.74,515.7522247191012,445,0.21348314606741572,9.659662921348316,66810.38,38251.62333333333,0.5725401252519942,3,Late-Night Spender
895,113741.3,185.85179738562093,612,0.45588235294117646,7.041476034858388,26599.04,18956.883333333335,0.7126905081286142,3,Late-Night Spender
896,322851.56,772.3721531100479,418,0.20095693779904306,10.310885167464114,100334.51,53808.59333333333,0.5362919830209301,1,High-Value Spender
897,172656.88,339.20801571709234,509,0.04911591355599214,8.458087753765554,42844.17,28776.146666666667,0.6716467296872987,0,Frequent Spender
898,84378.35,162.5787090558767,519,0.023121387283236993,8.300545921644188,28494.89,14063.058333333334,0.49352913218241357,0,Frequent Spender
899,362555.24,778.0155364806867,466,0.2317596566523605,9.266094420600858,90478.61,60425.87333333333,0.6678470561531983,1,High-Value Spender
900,63446.659999999996,139.13741228070174,456,0.25219298245614036,9.406213450292398,26826.1,10574.443333333333,0.39418489207649765,2,Balanced Spender
901,80126.13,211.9738888888889,378,0.1931216931216931,11.4005291005291,44161.56,13354.355000000001,0.3023977187400083,2,Balanced Spender
902,133773.21,333.5990274314214,401,0.5561097256857855,10.738736492103076,38209.56,22295.535,0.5835067192608342,3,Late-Night Spender
903,121747.58,373.45883435582823,326,0.08895705521472393,13.193916155419222,58548.27,20291.263333333332,0.34657323492792075,2,Balanced Spender
904,498676.22,1259.2833838383838,396,0.2222222222222222,10.856060606060606,112175.07,83112.70333333332,0.7409195584485333,1,High-Value Spender
905,306967.39,1218.1245634920635,252,0.10317460317460317,17.09212962962963,57141.95,51161.23166666667,0.8953357676219778,1,High-Value Spender
906,90929.91,176.90643968871595,514,0.311284046692607,8.347762645914397,33934.74,15154.985,0.4465920469701551,3,Late-Night Spender
907,71872.76,143.45860279441118,501,0.18762475049900199,8.621357285429141,33082.73,11978.793333333333,0.3620859987471811,2,Balanced Spender
908,133471.73,347.58263020833334,384,0.3020833333333333,11.222395833333332,44948.53,22245.288333333334,0.4949058030003058,2,Balanced Spender
909,190404.59,618.1967207792208,308,0.09415584415584416,13.97099567099567,57172.65,31734.09833333333,0.5550573278190416,1,High-Value Spender
910,163212.63,351.7513577586207,464,0.2521551724137931,9.305567528735631,45602.64,27202.105,0.596502855975005,3,Late-Night Spender
911,145136.19,424.3748245614035,342,0.08187134502923976,12.541666666666666,44204.63,24189.365,0.5472133801368771,2,Balanced Spender
912,62595.98,153.79847665847666,407,0.2800982800982801,10.580384930384929,32633.97,10432.663333333334,0.3196872257139825,2,Balanced Spender
913,350354.73,778.5660666666666,450,0.45111111111111113,9.556592592592592,100717.01,58392.454999999994,0.5797675586278822,3,Late-Night Spender
914,132620.83,362.3519945355191,366,0.30601092896174864,11.736794171220401,48722.85,22103.471666666665,0.45365719917177805,2,Balanced Spender
915,77244.7,134.80750436300173,573,0.034904013961605584,7.516288539848749,21816.68,12874.116666666667,0.5901042994014977,0,Frequent Spender
916,264998.88,386.29574344023325,686,0.09620991253644315,6.275097181729834,92680.74,44166.48,0.4765443176219784,0,Frequent Spender
917,176780.96,465.21305263157893,380,0.4131578947368421,11.328947368421053,75280.61,29463.493333333332,0.3913822341946131,3,Late-Night Spender
918,180582.92,348.6156756756757,518,0.1718146718146718,8.305855855855857,67486.39,30097.153333333335,0.4459736745932526,0,Frequent Spender
919,173314.13,431.12967661691545,402,0.11194029850746269,10.703482587064677,57663.76,28885.688333333335,0.5009331395200961,2,Balanced Spender
920,142922.13,338.67803317535544,422,0.22511848341232227,10.202211690363349,48252.69,23820.355,0.4936585918836856,2,Balanced Spender
921,220757.71,504.01303652968033,438,0.2922374429223744,9.844634703196347,65926.94,36792.95166666667,0.5580867497667368,3,Late-Night Spender
922,247953.7,673.7872282608696,368,0.2554347826086957,11.682382246376813,79431.1,41325.61666666667,0.5202699782159212,1,High-Value Spender
923,136751.78,368.6031805929919,371,0.431266846361186,11.629469901168013,52464.68,22791.963333333333,0.4344248994434605,3,Late-Night Spender
924,403613.61,972.5629156626505,415,0.40963855421686746,10.36602409638554,131145.36,67268.935,0.512934159470072,1,High-Value Spender
925,253076.45,685.8440379403794,369,0.5067750677506775,11.628229448961156,71966.01,42179.40833333333,0.5861018046343452,3,Late-Night Spender
926,379876.64,737.6245436893204,515,0.2174757281553398,8.358252427184466,129108.99,63312.77333333334,0.490382376419592,0,Frequent Spender
927,63862.97,111.84408056042032,571,0.10157618213660245,7.530531231757151,20000.0,10643.828333333333,0.5321914166666667,0,Frequent Spender
928,575525.62,1749.3179939209726,329,0.24316109422492402,13.070871327254306,170571.79,95920.93666666666,0.5623493583942963,1,High-Value Spender
929,126828.19,317.070475,400,0.1775,10.74425,41699.91,21138.031666666666,0.5069083282593815,2,Balanced Spender
930,170765.51,680.3406772908367,251,0.29880478087649404,17.142297476759627,71969.61,28460.918333333335,0.3954574484054219,1,High-Value Spender
931,154806.42,447.4173988439307,346,0.15028901734104047,12.454190751445086,50508.76,25801.070000000003,0.5108236670233045,2,Balanced Spender
932,114151.52,204.5726164874552,558,0.3046594982078853,7.725567502986858,29520.79,19025.253333333334,0.6444696545496693,3,Late-Night Spender
933,100599.12,165.18738916256157,609,0.22988505747126436,7.081773399014779,29045.13,16766.52,0.5772575299198178,0,Frequent Spender
934,118389.98,206.25432055749127,574,0.1602787456445993,7.500551684088269,48876.29,19731.663333333334,0.40370624147891204,0,Frequent Spender
935,107173.57,328.753282208589,326,0.024539877300613498,13.201891615541921,41156.22,17862.26166666667,0.43401123005627507,2,Balanced Spender
936,335739.96,967.5503170028819,347,0.138328530259366,12.377713736791547,79912.67,55956.66,0.7002226305290513,1,High-Value Spender
937,161994.62,428.55719576719576,378,0.335978835978836,11.372045855379188,49018.34,26999.103333333333,0.5507959537865488,3,Late-Night Spender
938,84133.93000000001,137.24947797716152,613,0.19902120717781402,7.0001087547580205,20000.0,14022.321666666669,0.7011160833333334,0,Frequent Spender
939,216744.68,491.48453514739225,441,0.2811791383219955,9.74644746787604,57924.62,36124.113333333335,0.6236400572560222,3,Late-Night Spender
940,65184.16,149.50495412844037,436,0.5298165137614679,9.901605504587156,38333.94,10864.026666666667,0.28340490611365976,3,Late-Night Spender
941,106051.01,227.08995717344752,467,0.2826552462526767,9.180121341898644,36479.01,17675.16833333333,0.4845298250509904,3,Late-Night Spender
942,365624.23,561.6347619047618,651,0.03533026113671275,6.600230414746544,123145.55,60937.371666666666,0.494840224974972,0,Frequent Spender
943,122390.33,193.3496524486572,633,0.11216429699842022,6.8023696682464445,29369.27,20398.388333333332,0.6945487011877834,0,Frequent Spender
944,145091.7,286.1769230769231,507,0.17159763313609466,8.478731097961866,52535.27,24181.95,0.46029933794953376,0,Frequent Spender
945,186815.46,624.8008695652173,299,0.22408026755852842,14.382107023411372,56170.73,31135.91,0.5543084449854933,1,High-Value Spender
946,68728.92,184.25983914209115,373,0.3485254691689008,11.54325290437891,23757.91,11454.82,0.4821476299893383,3,Late-Night Spender
947,139940.88,458.8225573770492,305,0.22295081967213115,14.114426229508195,45059.15,23323.48,0.5176191739080741,2,Balanced Spender
948,398205.5,902.9603174603175,441,0.19727891156462585,9.740438397581254,180439.72,66367.58333333333,0.36781027665822874,2,Balanced Spender
949,247581.89,522.3246624472574,474,0.27848101265822783,9.093248945147678,77263.0,41263.64833333334,0.5340673845609585,3,Late-Night Spender
950,87396.67,208.58393794749404,419,0.14081145584725538,10.270803500397772,26130.96,14566.111666666666,0.5574273454425963,2,Balanced Spender
951,161586.03,469.7268313953488,344,0.09883720930232558,12.49190891472868,60711.01,26931.005,0.44359342728773576,2,Balanced Spender
952,265384.97,459.9392894280762,577,0.268630849220104,7.4625361062969375,84813.75,44230.82833333333,0.5215053966288877,0,Frequent Spender
953,99778.56999999999,179.4578597122302,556,0.22661870503597123,7.76378896882494,39539.49,16629.761666666665,0.42058614480527357,0,Frequent Spender
954,187219.57,720.0752692307692,260,0.14615384615384616,16.51903846153846,46342.88,31203.26166666667,0.6733129591140359,1,High-Value Spender
955,229770.6,492.01413276231267,467,0.04925053533190578,9.210278372591006,82916.65,38295.1,0.461850545095587,2,Balanced Spender
956,217896.16,510.2954566744731,427,0.4566744730679157,10.080991412958625,60927.91,36316.026666666665,0.5960491122486667,3,Late-Night Spender
957,198335.4,363.91816513761466,545,0.24587155963302754,7.904831804281345,65435.73,33055.9,0.5051659085945859,0,Frequent Spender
958,174359.71,450.54188630490955,387,0.3152454780361757,11.138242894056848,45242.14,29059.951666666664,0.6423204487379833,3,Late-Night Spender
959,204724.7,399.8529296875,512,0.1171875,8.38935546875,67473.54,34120.78333333333,0.5056913174161802,0,Frequent Spender
960,218589.36000000002,517.9842654028437,422,0.12085308056872038,10.177053712480252,41839.52,36431.560000000005,0.8707451710727084,1,High-Value Spender
961,247434.22,646.0423498694518,383,0.19321148825065274,11.230635335073977,72159.4,41239.03666666667,0.5714991625022751,1,High-Value Spender
962,54328.75,197.5590909090909,275,0.17454545454545456,15.64018181818182,29795.82,9054.791666666666,0.30389469619116594,2,Balanced Spender
963,168053.94,337.4577108433735,498,0.24497991967871485,8.648728246318608,67959.65,28008.99,0.4121414692394679,3,Late-Night Spender
964,56416.94,98.11641739130435,575,0.15130434782608695,7.485420289855073,22210.07,9402.823333333334,0.4233585636305214,0,Frequent Spender
965,174931.63,475.35769021739134,368,0.20380434782608695,11.702128623188406,76916.45,29155.271666666667,0.3790511869264204,2,Balanced Spender
966,71467.77,250.76410526315792,285,0.4280701754385965,15.145730994152045,32931.64,11911.295,0.3616975953824347,2,Balanced Spender
967,219316.05,495.0700902934537,443,0.08803611738148984,9.675169300225734,59650.37,36552.674999999996,0.6127820330368444,0,Frequent Spender
968,284076.67,572.7352217741935,496,0.2701612903225806,8.654939516129033,78710.59,47346.111666666664,0.6015214936982007,3,Late-Night Spender
969,52167.58,100.7096138996139,518,0.0945945945945946,8.30083655083655,23875.99,8694.596666666666,0.364156488031142,0,Frequent Spender
970,305648.72,901.6186430678465,339,0.25958702064896755,12.724237954768927,86432.97,50941.45333333333,0.5893752503626027,1,High-Value Spender
971,235868.94,689.6752631578947,342,0.20760233918128654,12.586013645224172,51394.57,39311.49,0.7648957856831957,1,High-Value Spender
972,206647.01,546.6852116402117,378,0.03968253968253968,11.341754850088183,72788.83,34441.168333333335,0.4731655713291907,2,Balanced Spender
973,85218.74,195.00855835240276,437,0.34553775743707094,9.84599542334096,34560.15,14203.123333333335,0.41096822014179146,3,Late-Night Spender
974,71234.99,228.31727564102565,312,0.04487179487179487,13.774839743589743,20000.0,11872.498333333335,0.5936249166666667,2,Balanced Spender
975,71220.75,163.7258620689655,435,0.10804597701149425,9.872183908045976,36905.83,11870.125,0.32163278809879087,2,Balanced Spender
976,236577.05,378.52328,625,0.1696,6.89296,83990.98,39429.50833333333,0.46944931864508943,0,Frequent Spender
977,194405.57,366.80296226415095,530,0.09245283018867924,8.118396226415094,61968.67,32400.928333333333,0.5228598311587668,0,Frequent Spender
978,180663.03,284.5087086614173,635,0.44724409448818897,6.787244094488188,58925.51,30110.505,0.5109926922991418,3,Late-Night Spender
979,115475.02,330.87398280802296,349,0.2521489971346705,12.312034383954154,37808.64,19245.836666666666,0.5090327678188548,2,Balanced Spender
980,142602.08,330.8632946635731,431,0.03480278422273782,9.987780355761794,49303.1,23767.013333333332,0.482059207906467,2,Balanced Spender
981,97461.92,180.15142329020333,541,0.1922365988909427,7.9699630314232905,28966.52,16243.653333333334,0.5607733802104407,0,Frequent Spender
982,97627.35,184.9002840909091,528,0.14015151515151514,8.154229797979799,27804.51,16271.225,0.5852009260368193,0,Frequent Spender
983,324937.15,439.69844384303116,739,0.18944519621109607,5.841745602165088,98697.64,54156.19166666667,0.5487080711014638,0,Frequent Spender
984,132006.55,302.0744851258581,437,0.2425629290617849,9.857780320366134,61140.71,22001.091666666664,0.3598435750364473,2,Balanced Spender
985,99939.49,154.46598145285935,647,0.11901081916537867,6.657753735188047,41593.89,16656.58166666667,0.40045741493922954,0,Frequent Spender
986,114996.54,204.62017793594305,562,0.21352313167259787,7.662455516014235,49439.01,19166.09,0.3876713955234945,0,Frequent Spender
987,122100.4,280.69057471264364,435,0.22528735632183908,9.909961685823754,68668.2,20350.066666666666,0.2963535765706203,2,Balanced Spender
988,224307.0,525.3091334894614,427,0.2529274004683841,10.070062451209992,53935.68,37384.5,0.6931311517718883,3,Late-Night Spender
989,272268.11,639.1270187793427,426,0.08685446009389672,10.098748043818466,85019.4,45378.01833333333,0.5337372215439457,2,Balanced Spender
990,163342.59,343.15670168067226,476,0.07563025210084033,9.031162464985993,49923.92,27223.765,0.5453050361429952,0,Frequent Spender
991,218877.4,411.4236842105263,532,0.3007518796992481,8.11453634085213,118655.83,36479.566666666666,0.30744015415565057,3,Late-Night Spender
992,205276.55,783.4982824427481,262,0.07633587786259542,16.400127226463102,73599.69,34212.75833333333,0.464849217888463,1,High-Value Spender
993,256714.88,488.051102661597,526,0.13307984790874525,8.171197718631179,76367.06,42785.81333333333,0.5602652941377255,0,Frequent Spender
994,143160.27,251.15836842105261,570,0.0912280701754386,7.565877192982456,40492.18,23860.045,0.589250689886294,0,Frequent Spender
995,338622.89,1370.942874493927,247,0.06477732793522267,17.39898785425101,75519.15,56437.14833333334,0.7473223458332534,1,High-Value Spender
996,373423.9,699.2956928838952,534,0.10674157303370786,8.06616729088639,115455.71,62237.31666666667,0.5390579354340004,0,Frequent Spender
997,157866.27,298.4239508506616,529,0.23251417769376181,8.138657844990549,41438.81,26311.045,0.6349372725712925,0,Frequent Spender
998,249202.66,507.54105906313646,491,0.45621181262729127,8.796367956551256,73639.08,41533.776666666665,0.5640181363844669,3,Late-Night Spender
999,118919.55,244.69043209876543,486,0.1522633744855967,8.833504801097392,40910.62,19819.925,0.48446894718290745,0,Frequent Spender
1000,126623.8,426.34276094276095,297,0.23232323232323232,14.47665544332211,49848.45,21103.966666666667,0.4233625452078584,2,Balanced Spender
